# Blender 5.2.0 LTS
# www.blender.org
mtllib wyrm green.mtl
o mesh
v 0.307194 0.234023 -0.040387
v 0.307194 0.234023 0.026756
v 0.304527 0.234312 0.028341
v 0.304527 0.234312 -0.041971
v 0.306112 0.240228 -0.046302
v 0.306112 0.240228 0.032670
v 0.349555 0.160653 0.026756
v 0.348472 0.158198 0.028341
v 0.354387 0.156612 0.032670
v 0.349555 0.160653 -0.040387
v 0.348472 0.158198 -0.041971
v 0.354387 0.156612 -0.046302
v 0.269689 0.114542 0.026756
v 0.227329 0.187913 0.026756
v 0.228411 0.190368 0.028341
v 0.272356 0.114252 0.028341
v 0.270772 0.108338 0.032670
v 0.222496 0.191952 0.032670
v 0.227329 0.187913 -0.040387
v 0.228411 0.190368 -0.041971
v 0.222496 0.191952 -0.046302
v 0.269689 0.114542 -0.040387
v 0.272356 0.114252 -0.041971
v 0.270772 0.108338 -0.046302
v 0.228702 0.193035 0.026756
v 0.302071 0.235395 0.026756
v 0.302071 0.235395 -0.040387
v 0.228702 0.193035 -0.040387
v 0.348183 0.155529 -0.040387
v 0.348183 0.155529 0.026756
v 0.274812 0.113169 0.026756
v 0.274812 0.113169 -0.040387
v 0.346308 0.158778 0.030506
v 0.303946 0.232148 0.030506
v 0.230577 0.189788 0.030506
v 0.272937 0.116417 0.030506
v 0.230577 0.189788 -0.044137
v 0.303946 0.232148 -0.044137
v 0.346308 0.158778 -0.044137
v 0.272937 0.116417 -0.044137
v 0.494128 0.229377 -0.052105
v 0.494128 0.229377 0.043163
v 0.493263 0.231917 0.044747
v 0.493263 0.231917 -0.053691
v 0.499294 0.232980 -0.058021
v 0.499294 0.232980 0.049077
v 0.472420 0.198375 0.043163
v 0.469738 0.198318 0.044747
v 0.470802 0.192288 0.049077
v 0.472420 0.198375 -0.052105
v 0.469738 0.198318 -0.053691
v 0.470802 0.192288 -0.058021
v 0.346960 0.286223 0.043163
v 0.368668 0.317225 0.043163
v 0.371350 0.317280 0.044747
v 0.347824 0.283683 0.044747
v 0.341794 0.282620 0.049077
v 0.370287 0.323312 0.049077
v 0.368668 0.317225 -0.052105
v 0.371350 0.317280 -0.053691
v 0.370287 0.323312 -0.058021
v 0.346960 0.286223 -0.052105
v 0.347824 0.283683 -0.053691
v 0.341794 0.282620 -0.058021
v 0.373891 0.318146 0.043163
v 0.493207 0.234599 0.043163
v 0.493207 0.234599 -0.052105
v 0.373891 0.318146 -0.052105
v 0.467197 0.197454 -0.052105
v 0.467197 0.197454 0.043163
v 0.347881 0.281000 0.043163
v 0.347881 0.281000 -0.052105
v 0.469348 0.200526 0.046913
v 0.491056 0.231527 0.046913
v 0.371740 0.315074 0.046913
v 0.350032 0.284072 0.046913
v 0.371740 0.315074 -0.055855
v 0.491056 0.231527 -0.055855
v 0.469348 0.200526 -0.055855
v 0.350032 0.284072 -0.055855
v -0.144156 0.145151 -0.286848
v -0.130343 0.138704 -0.271773
v -0.127713 0.140291 -0.271249
v -0.143570 0.147692 -0.288553
v -0.144047 0.144864 -0.295483
v -0.122610 0.134859 -0.272089
v -0.155654 0.138704 -0.248580
v -0.155361 0.140291 -0.245914
v -0.156644 0.134859 -0.240904
v -0.169467 0.145151 -0.263655
v -0.171218 0.147692 -0.263218
v -0.178080 0.144864 -0.264297
v -0.111683 0.345125 -0.200593
v -0.086372 0.345125 -0.223786
v -0.084623 0.342584 -0.224223
v -0.112271 0.342584 -0.198889
v -0.111794 0.345411 -0.191958
v -0.077760 0.345411 -0.223144
v -0.100187 0.351572 -0.238863
v -0.100479 0.349983 -0.241527
v -0.099197 0.355416 -0.246537
v -0.125498 0.351572 -0.215670
v -0.128127 0.349983 -0.216193
v -0.133230 0.355416 -0.215352
v -0.152475 0.141152 -0.245110
v -0.127164 0.141152 -0.268305
v -0.084717 0.340421 -0.221982
v -0.110028 0.340421 -0.198789
v -0.103364 0.349124 -0.242331
v -0.145811 0.149855 -0.288652
v -0.171122 0.149855 -0.265459
v -0.128675 0.349124 -0.219138
v -0.084369 0.341549 -0.227152
v -0.126816 0.142280 -0.273474
v -0.140630 0.148727 -0.288550
v -0.098183 0.347996 -0.242227
v -0.171471 0.148727 -0.260290
v -0.157656 0.142280 -0.245214
v -0.115209 0.341549 -0.198892
v -0.129024 0.347996 -0.213967
v 0.011745 0.151709 -0.030417
v 0.020892 0.175314 -0.012847
v 0.022002 0.177920 -0.014148
v 0.011914 0.151887 -0.033523
v 0.016002 0.145787 -0.035050
v 0.028659 0.178454 -0.010735
v -0.009560 0.175314 0.003003
v -0.011261 0.177920 0.003168
v -0.012285 0.178454 0.010578
v -0.018705 0.151709 -0.014565
v -0.021348 0.151887 -0.016209
v -0.024942 0.145787 -0.013735
v -0.121767 0.379220 -0.212544
v -0.091316 0.379220 -0.228396
v -0.088674 0.379043 -0.226753
v -0.121937 0.379043 -0.209437
v -0.126024 0.385143 -0.207912
v -0.085080 0.385143 -0.229227
v -0.100461 0.355614 -0.245965
v -0.098760 0.353009 -0.246130
v -0.097737 0.352475 -0.253540
v -0.130913 0.355614 -0.230113
v -0.132024 0.353009 -0.228814
v -0.138681 0.352475 -0.232225
v -0.009773 0.180597 0.002594
v 0.020677 0.180597 -0.013258
v -0.088877 0.379682 -0.223710
v -0.119328 0.379682 -0.207858
v -0.100248 0.350331 -0.245556
v 0.009306 0.151247 -0.035103
v -0.021146 0.151247 -0.019251
v -0.130700 0.350331 -0.229704
v -0.086663 0.376809 -0.227580
v 0.022891 0.177725 -0.017128
v 0.013746 0.154119 -0.034696
v -0.095810 0.353204 -0.245149
v -0.023358 0.154119 -0.015382
v -0.014213 0.177725 0.002187
v -0.123767 0.376809 -0.208264
v -0.132914 0.353204 -0.225834
v -0.279254 0.220142 -0.434281
v -0.272012 0.201575 -0.426378
v -0.269042 0.201285 -0.425481
v -0.277355 0.222597 -0.434553
v -0.278159 0.224183 -0.441840
v -0.266919 0.195369 -0.429576
v -0.297323 0.201575 -0.403185
v -0.296690 0.201285 -0.400147
v -0.300953 0.195369 -0.398389
v -0.304565 0.220142 -0.411088
v -0.305003 0.222597 -0.409219
v -0.312191 0.224183 -0.410655
v -0.111725 0.360185 -0.200638
v -0.086414 0.360185 -0.223831
v -0.085976 0.357731 -0.225700
v -0.113624 0.357731 -0.200365
v -0.112820 0.356145 -0.193080
v -0.078788 0.356145 -0.224265
v -0.093656 0.378752 -0.231735
v -0.094289 0.379043 -0.234772
v -0.090026 0.384957 -0.236529
v -0.118967 0.378752 -0.208542
v -0.121937 0.379043 -0.209437
v -0.124059 0.384957 -0.205344
v -0.293862 0.200202 -0.399408
v -0.268551 0.200202 -0.422601
v -0.087341 0.355062 -0.224844
v -0.112652 0.355062 -0.201651
v -0.097116 0.380124 -0.235512
v -0.278327 0.225264 -0.433269
v -0.303638 0.225264 -0.410076
v -0.122427 0.380124 -0.212319
v -0.085842 0.358310 -0.228759
v -0.267053 0.203450 -0.426516
v -0.274296 0.222017 -0.434419
v -0.093084 0.376877 -0.236662
v -0.305136 0.222017 -0.406159
v -0.297894 0.203450 -0.398256
v -0.116682 0.358310 -0.200499
v -0.123926 0.376877 -0.208402
v -0.155654 0.138704 0.235058
v -0.130343 0.138704 0.258251
v -0.127713 0.140291 0.257726
v -0.155361 0.140291 0.232392
v -0.156644 0.134859 0.227382
v -0.122610 0.134859 0.258567
v -0.144156 0.145151 0.273326
v -0.143570 0.147692 0.275031
v -0.144047 0.144864 0.281961
v -0.169467 0.145151 0.250133
v -0.171218 0.147692 0.249696
v -0.178080 0.144864 0.250775
v -0.100187 0.351572 0.225341
v -0.086372 0.345125 0.210264
v -0.084623 0.342584 0.210701
v -0.100479 0.349983 0.228005
v -0.099197 0.355416 0.233015
v -0.077760 0.345411 0.209622
v -0.111683 0.345125 0.187071
v -0.112271 0.342584 0.185366
v -0.111794 0.345411 0.178436
v -0.125498 0.351572 0.202146
v -0.128127 0.349983 0.202671
v -0.133230 0.355416 0.201830
v -0.084717 0.340421 0.208460
v -0.127164 0.141152 0.254781
v -0.152475 0.141152 0.231588
v -0.110028 0.340421 0.185267
v -0.171122 0.149855 0.251937
v -0.145811 0.149855 0.275130
v -0.103364 0.349124 0.228809
v -0.128675 0.349124 0.205616
v -0.140630 0.148727 0.275028
v -0.126816 0.142280 0.259952
v -0.084369 0.341549 0.213630
v -0.098183 0.347996 0.228705
v -0.115209 0.341549 0.185370
v -0.157656 0.142280 0.231692
v -0.171471 0.148727 0.246767
v -0.129024 0.347996 0.200445
v -0.009560 0.175314 -0.016527
v 0.020892 0.175314 -0.000675
v 0.022002 0.177920 0.000626
v -0.011261 0.177920 -0.016690
v -0.012285 0.178454 -0.024100
v 0.028659 0.178454 -0.002787
v 0.011745 0.151709 0.016895
v 0.011914 0.151887 0.020001
v 0.016002 0.145787 0.021528
v -0.018705 0.151709 0.001043
v -0.021348 0.151887 0.002687
v -0.024942 0.145787 0.000213
v -0.100461 0.355614 0.232443
v -0.091316 0.379220 0.214874
v -0.088674 0.379043 0.213231
v -0.098760 0.353009 0.232608
v -0.097737 0.352475 0.240018
v -0.085080 0.385143 0.215703
v -0.121767 0.379220 0.199022
v -0.121937 0.379043 0.195915
v -0.126024 0.385143 0.194390
v -0.130913 0.355614 0.216591
v -0.132024 0.353009 0.215292
v -0.138681 0.352475 0.218703
v -0.088877 0.379682 0.210188
v 0.020677 0.180597 -0.000264
v -0.009773 0.180597 -0.016116
v -0.119328 0.379682 0.194336
v -0.021146 0.151247 0.005729
v 0.009306 0.151247 0.021581
v -0.100248 0.350331 0.232034
v -0.130700 0.350331 0.216182
v 0.013746 0.154119 0.021174
v 0.022891 0.177725 0.003606
v -0.086663 0.376809 0.214058
v -0.095810 0.353204 0.231627
v -0.123767 0.376809 0.194742
v -0.014213 0.177725 -0.015709
v -0.023358 0.154119 0.001860
v -0.132914 0.353204 0.212312
v -0.297323 0.201575 0.389661
v -0.272012 0.201575 0.412856
v -0.269042 0.201285 0.411959
v -0.296690 0.201285 0.386625
v -0.300953 0.195369 0.384867
v -0.266919 0.195369 0.416054
v -0.279254 0.220142 0.420759
v -0.277355 0.222597 0.421031
v -0.278159 0.224183 0.428318
v -0.304565 0.220142 0.397565
v -0.305003 0.222597 0.395697
v -0.312191 0.224183 0.397133
v -0.093656 0.378752 0.218213
v -0.086414 0.360185 0.210309
v -0.085976 0.357731 0.212178
v -0.094289 0.379043 0.221250
v -0.090026 0.384957 0.223007
v -0.078788 0.356145 0.210743
v -0.111725 0.360185 0.187116
v -0.113624 0.357731 0.186843
v -0.112820 0.356145 0.179558
v -0.118967 0.378752 0.195020
v -0.121937 0.379043 0.195915
v -0.124059 0.384957 0.191822
v -0.087341 0.355062 0.211322
v -0.268551 0.200202 0.409079
v -0.293862 0.200202 0.385886
v -0.112652 0.355062 0.188129
v -0.303638 0.225264 0.396554
v -0.278327 0.225264 0.419747
v -0.097116 0.380124 0.221990
v -0.122427 0.380124 0.198797
v -0.274295 0.222017 0.420897
v -0.267053 0.203450 0.412994
v -0.085842 0.358310 0.215237
v -0.093084 0.376877 0.223140
v -0.116682 0.358310 0.186977
v -0.297894 0.203450 0.384734
v -0.305136 0.222017 0.392637
v -0.123926 0.376877 0.194880
v 0.393489 0.248390 -0.040387
v 0.393489 0.248390 0.026756
v 0.391083 0.249575 0.028341
v 0.391083 0.249575 -0.041971
v 0.394594 0.254591 -0.046302
v 0.394594 0.254591 0.032670
v 0.408201 0.164957 0.026756
v 0.406344 0.163019 0.028341
v 0.411360 0.159507 0.032670
v 0.408201 0.164957 -0.040387
v 0.406344 0.163019 -0.041971
v 0.411360 0.159507 -0.046302
v 0.317382 0.148943 0.026756
v 0.302670 0.232376 0.026756
v 0.304527 0.234312 0.028341
v 0.319789 0.147758 0.028341
v 0.316276 0.142742 0.032670
v 0.299511 0.237825 0.032670
v 0.302670 0.232376 -0.040387
v 0.304527 0.234312 -0.041971
v 0.299511 0.237825 -0.046302
v 0.317382 0.148943 -0.040387
v 0.319789 0.147758 -0.041971
v 0.316276 0.142742 -0.046302
v 0.305712 0.236720 0.026756
v 0.389145 0.251432 0.026756
v 0.389145 0.251432 -0.040387
v 0.305712 0.236720 -0.040387
v 0.405159 0.160611 -0.040387
v 0.405159 0.160611 0.026756
v 0.321726 0.145901 0.026756
v 0.321726 0.145901 -0.040387
v 0.404508 0.164304 0.030506
v 0.389796 0.247739 0.030506
v 0.306363 0.233027 0.030506
v 0.321075 0.149594 0.030506
v 0.306363 0.233027 -0.044137
v 0.389796 0.247739 -0.044137
v 0.404508 0.164304 -0.044137
v 0.321075 0.149594 -0.044137
v 0.429576 0.247991 -0.031012
v 0.429576 0.247991 0.036131
v 0.427410 0.249576 0.037716
v 0.427410 0.249576 -0.032596
v 0.431740 0.253905 -0.036927
v 0.431740 0.253905 0.042045
v 0.429576 0.163269 0.036131
v 0.427410 0.161685 0.037716
v 0.431740 0.157355 0.042045
v 0.429576 0.163269 -0.031012
v 0.427410 0.161685 -0.032596
v 0.431740 0.157355 -0.036927
v 0.388917 0.163269 0.036131
v 0.388917 0.247991 0.036131
v 0.391083 0.249576 0.037716
v 0.391083 0.161685 0.037716
v 0.386752 0.157355 0.042045
v 0.386752 0.253905 0.042045
v 0.388917 0.247991 -0.031012
v 0.391083 0.249576 -0.032596
v 0.386752 0.253905 -0.036927
v 0.388917 0.163269 -0.031012
v 0.391083 0.161685 -0.032596
v 0.386752 0.157355 -0.036927
v 0.392667 0.251741 0.036131
v 0.425826 0.251741 0.036131
v 0.425826 0.251741 -0.031012
v 0.392667 0.251741 -0.031012
v 0.425826 0.159519 -0.031012
v 0.425826 0.159519 0.036131
v 0.392667 0.159519 0.036131
v 0.392667 0.159519 -0.031012
v 0.425826 0.163269 0.039881
v 0.425826 0.247991 0.039881
v 0.392667 0.247991 0.039881
v 0.392667 0.163269 0.039881
v 0.392667 0.247991 -0.034762
v 0.425826 0.247991 -0.034762
v 0.425826 0.163269 -0.034762
v 0.392667 0.163269 -0.034762
v 0.596947 0.144941 -0.056793
v 0.596947 0.144941 0.043163
v 0.595359 0.147104 0.044747
v 0.595359 0.147104 -0.058378
v 0.600790 0.149931 -0.062709
v 0.600790 0.149931 0.049077
v 0.585567 0.108846 0.043163
v 0.583026 0.107987 0.044747
v 0.585853 0.102554 0.049077
v 0.585567 0.108846 -0.056793
v 0.583026 0.107987 -0.058378
v 0.585853 0.102554 -0.062709
v 0.385851 0.171818 0.043163
v 0.397231 0.207911 0.043163
v 0.399772 0.208772 0.044747
v 0.387439 0.169655 0.044747
v 0.382006 0.166827 0.049077
v 0.396945 0.214203 0.049077
v 0.397231 0.207911 -0.056793
v 0.399772 0.208772 -0.058378
v 0.396945 0.214203 -0.062709
v 0.385851 0.171818 -0.056793
v 0.387439 0.169655 -0.058378
v 0.382006 0.166827 -0.062709
v 0.401935 0.210360 0.043163
v 0.594498 0.149645 0.043163
v 0.594498 0.149645 -0.056793
v 0.401935 0.210360 -0.056793
v 0.580863 0.106398 -0.056793
v 0.580863 0.106398 0.043163
v 0.388299 0.167112 0.043163
v 0.388299 0.167112 -0.056793
v 0.581991 0.109974 0.046913
v 0.593371 0.146069 0.046913
v 0.400807 0.206783 0.046913
v 0.389427 0.170690 0.046913
v 0.400807 0.206783 -0.060543
v 0.593371 0.146069 -0.060543
v 0.581991 0.109974 -0.060543
v 0.389427 0.170690 -0.060543
v 0.603013 0.236271 -0.056793
v 0.603013 0.236271 0.043163
v 0.600847 0.237857 0.044747
v 0.600847 0.237857 -0.058378
v 0.605178 0.242187 -0.062709
v 0.605178 0.242187 0.049077
v 0.603013 0.198426 0.043163
v 0.600847 0.196841 0.044747
v 0.605178 0.192510 0.049077
v 0.603013 0.198426 -0.056793
v 0.600847 0.196841 -0.058378
v 0.605178 0.192510 -0.062709
v 0.395949 0.198426 0.043163
v 0.395949 0.236271 0.043163
v 0.398113 0.237857 0.044747
v 0.398113 0.196841 0.044747
v 0.393783 0.192510 0.049077
v 0.393783 0.242187 0.049077
v 0.395949 0.236271 -0.056793
v 0.398113 0.237857 -0.058378
v 0.393783 0.242187 -0.062709
v 0.395949 0.198426 -0.056793
v 0.398113 0.196841 -0.058378
v 0.393783 0.192510 -0.062709
v 0.399699 0.240021 0.043163
v 0.599263 0.240021 0.043163
v 0.599263 0.240021 -0.056793
v 0.399699 0.240021 -0.056793
v 0.599263 0.194676 -0.056793
v 0.599263 0.194676 0.043163
v 0.399699 0.194676 0.043163
v 0.399699 0.194676 -0.056793
v 0.599263 0.198426 0.046913
v 0.599263 0.236271 0.046913
v 0.399699 0.236271 0.046913
v 0.399699 0.198426 0.046913
v 0.399699 0.236271 -0.060543
v 0.599263 0.236271 -0.060543
v 0.599263 0.198426 -0.060543
v 0.399699 0.198426 -0.060543
v 0.438292 0.243912 -0.049762
v 0.438292 0.243912 0.036131
v 0.436800 0.246143 0.037716
v 0.436800 0.246143 -0.051346
v 0.442350 0.248730 -0.055677
v 0.442350 0.248730 0.042045
v 0.425349 0.208349 0.036131
v 0.422772 0.207600 0.037716
v 0.425359 0.202050 0.042045
v 0.425349 0.208349 -0.049762
v 0.422772 0.207600 -0.051346
v 0.425359 0.202050 -0.055677
v 0.281427 0.260732 0.036131
v 0.294370 0.296295 0.036131
v 0.296947 0.297045 0.037716
v 0.282919 0.258503 0.037716
v 0.277369 0.255915 0.042045
v 0.294360 0.302595 0.042045
v 0.294370 0.296295 -0.049762
v 0.296947 0.297045 -0.051346
v 0.294360 0.302595 -0.055677
v 0.281427 0.260732 -0.049762
v 0.282919 0.258503 -0.051346
v 0.277369 0.255915 -0.055677
v 0.299176 0.298538 0.036131
v 0.436051 0.248718 0.036131
v 0.436051 0.248718 -0.049762
v 0.299176 0.298538 -0.049762
v 0.420541 0.206108 -0.049762
v 0.420541 0.206108 0.036131
v 0.283668 0.255926 0.036131
v 0.283668 0.255926 -0.049762
v 0.421824 0.209631 0.039881
v 0.434769 0.245195 0.039881
v 0.297894 0.295013 0.039881
v 0.284950 0.259449 0.039881
v 0.297894 0.295013 -0.053512
v 0.434769 0.245195 -0.053512
v 0.421824 0.209631 -0.053512
v 0.284950 0.259449 -0.053512
v 0.272392 0.206679 -0.035502
v 0.250813 0.198824 0.027591
v 0.247851 0.199433 0.028341
v 0.270448 0.207657 -0.037731
v 0.274182 0.213624 -0.040320
v 0.248802 0.204387 0.033891
v 0.282195 0.112605 0.027591
v 0.280315 0.110235 0.028341
v 0.284229 0.107051 0.033891
v 0.303774 0.120459 -0.035502
v 0.302913 0.118460 -0.037731
v 0.309610 0.116289 -0.040320
v 0.212145 0.087110 0.000459
v 0.180763 0.173328 0.000459
v 0.181623 0.175328 0.002690
v 0.214089 0.086130 0.002690
v 0.210354 0.080163 0.005277
v 0.174927 0.177498 0.005277
v 0.202342 0.181182 -0.062634
v 0.204222 0.183554 -0.063382
v 0.200308 0.186737 -0.068932
v 0.233724 0.094964 -0.062634
v 0.236686 0.094356 -0.063382
v 0.235735 0.089402 -0.068932
v 0.182791 0.178058 0.001742
v 0.246219 0.201143 0.026309
v 0.267799 0.208997 -0.036784
v 0.204372 0.185912 -0.061351
v 0.301744 0.115731 -0.036784
v 0.280165 0.107877 0.026309
v 0.216738 0.084791 0.001742
v 0.238317 0.092645 -0.061351
v 0.277678 0.110961 0.029834
v 0.246297 0.197181 0.029834
v 0.182869 0.174095 0.005265
v 0.214251 0.087876 0.005265
v 0.206859 0.182826 -0.064875
v 0.270286 0.205913 -0.040308
v 0.301668 0.119693 -0.040308
v 0.238240 0.096608 -0.064875
v 0.177013 0.174150 -0.084952
v 0.158058 0.174150 -0.032871
v 0.155481 0.175736 -0.032122
v 0.175521 0.175736 -0.087181
v 0.181071 0.180065 -0.089770
v 0.158068 0.180065 -0.026572
v 0.158058 0.068336 -0.032871
v 0.155481 0.066750 -0.032122
v 0.158068 0.062421 -0.026572
v 0.177013 0.068336 -0.084952
v 0.175521 0.066750 -0.087181
v 0.181071 0.062421 -0.089770
v 0.084613 0.068336 -0.059602
v 0.084613 0.174150 -0.059602
v 0.086106 0.175736 -0.057372
v 0.086106 0.066750 -0.057372
v 0.080556 0.062421 -0.054784
v 0.080556 0.180065 -0.054784
v 0.103569 0.174150 -0.111684
v 0.106146 0.175736 -0.112432
v 0.103557 0.180065 -0.117982
v 0.103569 0.068336 -0.111684
v 0.106146 0.066750 -0.112432
v 0.103557 0.062421 -0.117982
v 0.088137 0.177900 -0.058320
v 0.154534 0.177900 -0.034153
v 0.173490 0.177900 -0.086235
v 0.107092 0.177900 -0.110401
v 0.173490 0.064586 -0.086235
v 0.154534 0.064586 -0.034153
v 0.088137 0.064586 -0.058320
v 0.107092 0.064586 -0.110401
v 0.153250 0.068336 -0.030630
v 0.153250 0.174150 -0.030630
v 0.086854 0.174150 -0.054796
v 0.086854 0.068336 -0.054796
v 0.108375 0.174150 -0.113925
v 0.174772 0.174150 -0.089758
v 0.174772 0.068336 -0.089758
v 0.108375 0.068336 -0.113925
v -0.629420 0.135479 0.044010
v -0.636422 0.135479 0.052353
v -0.639099 0.137063 0.052176
v -0.630059 0.137063 0.041403
v -0.623958 0.141393 0.040871
v -0.638565 0.141393 0.058277
v -0.636422 0.092945 0.052355
v -0.639099 0.091361 0.052176
v -0.638565 0.087030 0.058277
v -0.629420 0.092945 0.044010
v -0.630059 0.091361 0.041403
v -0.623958 0.087030 0.040871
v -0.681482 0.092945 0.014544
v -0.681482 0.135479 0.014544
v -0.680841 0.137063 0.017150
v -0.680841 0.091361 0.017150
v -0.686942 0.087030 0.017684
v -0.686942 0.141393 0.017684
v -0.674480 0.135479 0.006200
v -0.671802 0.137063 0.006377
v -0.672336 0.141393 0.000276
v -0.674480 0.092945 0.006200
v -0.671802 0.091361 0.006377
v -0.672336 0.087030 0.000276
v -0.678609 0.139229 0.016955
v -0.639294 0.139229 0.049944
v -0.632292 0.139229 0.041600
v -0.671607 0.139229 0.008610
v -0.632292 0.089195 0.041600
v -0.639294 0.089195 0.049944
v -0.678609 0.089195 0.016955
v -0.671607 0.089195 0.008610
v -0.641705 0.092945 0.052817
v -0.641705 0.135479 0.052817
v -0.681020 0.135479 0.019827
v -0.681020 0.092945 0.019827
v -0.669197 0.135479 0.005738
v -0.629882 0.135479 0.038727
v -0.629882 0.092945 0.038727
v -0.669197 0.092945 0.005738
v -0.572930 0.138995 0.059306
v -0.577859 0.138995 0.072845
v -0.580434 0.140579 0.073595
v -0.574422 0.140579 0.057077
v -0.568872 0.144909 0.054488
v -0.577847 0.144909 0.079145
v -0.577859 0.089429 0.072845
v -0.580434 0.087845 0.073595
v -0.577847 0.083514 0.079145
v -0.572930 0.089429 0.059306
v -0.574422 0.087845 0.057077
v -0.568872 0.083514 0.054488
v -0.641393 0.089429 0.049721
v -0.641393 0.138995 0.049721
v -0.639900 0.140579 0.051951
v -0.639900 0.087845 0.051951
v -0.645450 0.083514 0.054539
v -0.645450 0.144909 0.054539
v -0.636464 0.138995 0.036182
v -0.633888 0.140579 0.035433
v -0.636476 0.144909 0.029883
v -0.636464 0.089429 0.036182
v -0.633888 0.087845 0.035433
v -0.636476 0.083514 0.029883
v -0.637868 0.142745 0.051003
v -0.581382 0.142745 0.071562
v -0.576455 0.142745 0.058023
v -0.632940 0.142745 0.037464
v -0.576455 0.085679 0.058023
v -0.581382 0.085679 0.071562
v -0.637868 0.085679 0.051003
v -0.632940 0.085679 0.037464
v -0.582665 0.089429 0.075087
v -0.582665 0.138995 0.075087
v -0.639150 0.138995 0.054527
v -0.639150 0.089429 0.054527
v -0.631658 0.138995 0.033941
v -0.575172 0.138995 0.054500
v -0.575172 0.089429 0.054500
v -0.631658 0.089429 0.033941
v -0.585581 0.085914 0.074634
v -0.585581 0.142509 0.074634
v -0.583004 0.144095 0.075384
v -0.583004 0.084329 0.075384
v -0.585593 0.079998 0.080934
v -0.585593 0.148425 0.080934
v -0.591711 0.142509 0.057792
v -0.590219 0.144095 0.055562
v -0.595769 0.148425 0.052974
v -0.591711 0.085914 0.057792
v -0.590219 0.084329 0.055562
v -0.595769 0.079998 0.052974
v -0.505052 0.142509 0.026250
v -0.498921 0.142509 0.043094
v -0.500414 0.144095 0.045323
v -0.507629 0.144095 0.025502
v -0.505041 0.148425 0.019952
v -0.494864 0.148425 0.047912
v -0.498921 0.085914 0.043094
v -0.500414 0.084329 0.045323
v -0.494864 0.079998 0.047912
v -0.505052 0.085914 0.026250
v -0.507629 0.084329 0.025502
v -0.505041 0.079998 0.019952
v -0.588188 0.146259 0.056510
v -0.582057 0.146259 0.073352
v -0.502446 0.146259 0.044376
v -0.508575 0.146259 0.027533
v -0.502446 0.082164 0.044376
v -0.582057 0.082164 0.073352
v -0.588188 0.082164 0.056510
v -0.508575 0.082164 0.027533
v -0.501164 0.142509 0.047900
v -0.580775 0.142509 0.076875
v -0.580775 0.085914 0.076875
v -0.501164 0.085914 0.047900
v -0.589470 0.085914 0.052985
v -0.589470 0.142509 0.052985
v -0.509859 0.142509 0.024009
v -0.509859 0.085914 0.024009
v -0.509363 0.082398 0.051120
v -0.509363 0.146025 0.051120
v -0.506685 0.147611 0.050943
v -0.506685 0.080813 0.050943
v -0.507219 0.076484 0.057042
v -0.507219 0.151940 0.057042
v -0.523145 0.146025 0.034697
v -0.522504 0.147611 0.032091
v -0.528605 0.151940 0.031557
v -0.523145 0.082398 0.034697
v -0.522504 0.080813 0.032091
v -0.528605 0.076484 0.031557
v -0.412103 0.146025 -0.058479
v -0.398321 0.146025 -0.042055
v -0.398961 0.147611 -0.039450
v -0.414779 0.147611 -0.058302
v -0.414246 0.151940 -0.064402
v -0.392861 0.151940 -0.038916
v -0.398321 0.082398 -0.042055
v -0.398961 0.080813 -0.039450
v -0.392861 0.076484 -0.038916
v -0.412103 0.082398 -0.058479
v -0.414779 0.080813 -0.058302
v -0.414246 0.076484 -0.064402
v -0.520272 0.149775 0.032286
v -0.506490 0.149775 0.048710
v -0.401193 0.149775 -0.039645
v -0.414975 0.149775 -0.056068
v -0.401193 0.078648 -0.039645
v -0.506490 0.078648 0.048710
v -0.520272 0.078648 0.032286
v -0.414975 0.078648 -0.056068
v -0.398783 0.146025 -0.036772
v -0.504080 0.146025 0.051582
v -0.504080 0.082398 0.051582
v -0.398783 0.082398 -0.036772
v -0.522683 0.082398 0.029414
v -0.522683 0.146025 0.029414
v -0.417386 0.146025 -0.058941
v -0.417386 0.082398 -0.058941
v -0.415211 0.078882 -0.030304
v -0.415211 0.149541 -0.030304
v -0.412634 0.151125 -0.029556
v -0.412634 0.077298 -0.029556
v -0.415221 0.072968 -0.024006
v -0.415221 0.155456 -0.024006
v -0.423746 0.149541 -0.053755
v -0.422253 0.151125 -0.055984
v -0.427803 0.155456 -0.058572
v -0.423746 0.078882 -0.053755
v -0.422253 0.077298 -0.055984
v -0.427803 0.072968 -0.058572
v -0.350301 0.149541 -0.080487
v -0.341766 0.149541 -0.057036
v -0.343259 0.151125 -0.054807
v -0.352877 0.151125 -0.081235
v -0.350289 0.155456 -0.086785
v -0.337709 0.155456 -0.052218
v -0.341766 0.078882 -0.057036
v -0.343259 0.077298 -0.054807
v -0.337709 0.072968 -0.052218
v -0.350301 0.078882 -0.080487
v -0.352877 0.077298 -0.081235
v -0.350289 0.072968 -0.086785
v -0.420222 0.153291 -0.055038
v -0.411687 0.153291 -0.031587
v -0.345290 0.153291 -0.055753
v -0.353825 0.153291 -0.079204
v -0.345290 0.075132 -0.055753
v -0.411687 0.075132 -0.031587
v -0.420222 0.075132 -0.055038
v -0.353825 0.075132 -0.079204
v -0.344007 0.149541 -0.052230
v -0.410405 0.149541 -0.028063
v -0.410405 0.078882 -0.028063
v -0.344007 0.078882 -0.052230
v -0.421505 0.078882 -0.058561
v -0.421505 0.149541 -0.058561
v -0.355107 0.149541 -0.082728
v -0.355107 0.078882 -0.082728
v -0.269409 0.153057 -0.055407
v -0.279146 0.153057 -0.028653
v -0.281723 0.154641 -0.027904
v -0.270902 0.154641 -0.057636
v -0.265352 0.158972 -0.060225
v -0.279135 0.158972 -0.022354
v -0.279146 0.075366 -0.028653
v -0.281723 0.073782 -0.027904
v -0.279135 0.069452 -0.022354
v -0.269409 0.075366 -0.055407
v -0.270902 0.073782 -0.057636
v -0.265352 0.069452 -0.060225
v -0.365805 0.075366 -0.060195
v -0.365805 0.153057 -0.060195
v -0.364313 0.154641 -0.057964
v -0.364313 0.073782 -0.057964
v -0.369863 0.069452 -0.055377
v -0.369863 0.158972 -0.055377
v -0.356067 0.153057 -0.086947
v -0.353492 0.154641 -0.087697
v -0.356079 0.158972 -0.093247
v -0.356067 0.075366 -0.086947
v -0.353492 0.073782 -0.087697
v -0.356079 0.069452 -0.093247
v -0.362282 0.156807 -0.058911
v -0.282671 0.156807 -0.029935
v -0.272933 0.156807 -0.056689
v -0.352544 0.156807 -0.085665
v -0.272933 0.071616 -0.056689
v -0.282671 0.071616 -0.029935
v -0.362282 0.071616 -0.058911
v -0.352544 0.071616 -0.085665
v -0.283953 0.075366 -0.026412
v -0.283953 0.153057 -0.026412
v -0.363564 0.153057 -0.055387
v -0.363564 0.075366 -0.055387
v -0.351261 0.153057 -0.089190
v -0.271650 0.153057 -0.060213
v -0.271650 0.075366 -0.060213
v -0.351261 0.075366 -0.089190
v -0.096824 0.160088 0.047880
v -0.110169 0.160088 0.084546
v -0.112746 0.161673 0.085295
v -0.098316 0.161673 0.045651
v -0.092766 0.166002 0.043064
v -0.110157 0.166002 0.090845
v -0.110169 0.068336 0.084546
v -0.112746 0.066750 0.085295
v -0.110157 0.062421 0.090845
v -0.096824 0.068336 0.047880
v -0.098316 0.066750 0.045651
v -0.092766 0.062421 0.043064
v -0.196829 0.068336 0.053004
v -0.196829 0.160088 0.053004
v -0.195336 0.161673 0.055235
v -0.195336 0.066750 0.055235
v -0.200886 0.062421 0.057822
v -0.200886 0.166002 0.057822
v -0.183483 0.160088 0.016340
v -0.180906 0.161673 0.015591
v -0.183495 0.166002 0.010041
v -0.183483 0.068336 0.016340
v -0.180906 0.066750 0.015591
v -0.183495 0.062421 0.010041
v -0.193304 0.163838 0.054287
v -0.113693 0.163838 0.083262
v -0.100349 0.163838 0.046598
v -0.179960 0.163838 0.017622
v -0.100349 0.064586 0.046598
v -0.113693 0.064586 0.083262
v -0.193304 0.064586 0.054287
v -0.179960 0.064586 0.017622
v -0.114975 0.068336 0.086787
v -0.114975 0.160088 0.086787
v -0.194588 0.160088 0.057810
v -0.194588 0.068336 0.057810
v -0.178677 0.160088 0.014099
v -0.099066 0.160088 0.043074
v -0.099066 0.068336 0.043074
v -0.178677 0.068336 0.014099
v 0.047833 0.059547 -0.013786
v 0.047833 0.170634 -0.013786
v 0.050409 0.172220 -0.013038
v 0.050409 0.057962 -0.013038
v 0.047821 0.053631 -0.007488
v 0.047821 0.176550 -0.007488
v 0.027274 0.170634 -0.070273
v 0.028767 0.172220 -0.072502
v 0.023217 0.176550 -0.075091
v 0.027274 0.059547 -0.070273
v 0.028767 0.057962 -0.072502
v 0.023217 0.053631 -0.075091
v 0.113932 0.170634 -0.101814
v 0.134493 0.170634 -0.045328
v 0.133000 0.172220 -0.043098
v 0.111357 0.172220 -0.102562
v 0.113944 0.176550 -0.108112
v 0.138550 0.176550 -0.040510
v 0.134493 0.059547 -0.045328
v 0.133000 0.057962 -0.043098
v 0.138550 0.053631 -0.040510
v 0.113932 0.059547 -0.101814
v 0.111357 0.057962 -0.102562
v 0.113944 0.053631 -0.108112
v 0.030798 0.174384 -0.071556
v 0.051357 0.174384 -0.015069
v 0.130968 0.174384 -0.044046
v 0.110409 0.174384 -0.100531
v 0.130968 0.055797 -0.044046
v 0.051357 0.055797 -0.015069
v 0.030798 0.055797 -0.071556
v 0.110409 0.055797 -0.100531
v 0.132250 0.170634 -0.040521
v 0.052639 0.170634 -0.011545
v 0.052639 0.059547 -0.011545
v 0.132250 0.059547 -0.040521
v 0.029515 0.059547 -0.075079
v 0.029515 0.170634 -0.075079
v 0.109126 0.170634 -0.104055
v 0.109126 0.059547 -0.104055
v -0.123740 0.064820 0.087849
v -0.123740 0.163604 0.087849
v -0.121163 0.165188 0.088598
v -0.121163 0.063236 0.088598
v -0.123752 0.058905 0.094148
v -0.123752 0.169518 0.094148
v -0.139490 0.163604 0.044577
v -0.137997 0.165188 0.042348
v -0.143547 0.169518 0.039759
v -0.139490 0.064820 0.044577
v -0.137997 0.063236 0.042348
v -0.143547 0.058905 0.039759
v -0.052830 0.163604 0.013035
v -0.037080 0.163604 0.056307
v -0.038573 0.165188 0.058538
v -0.055407 0.165188 0.012287
v -0.052820 0.169518 0.006737
v -0.033023 0.169518 0.061125
v -0.037080 0.064820 0.056307
v -0.038573 0.063236 0.058538
v -0.033023 0.058905 0.061125
v -0.052830 0.064820 0.013037
v -0.055407 0.063236 0.012287
v -0.052820 0.058905 0.006737
v -0.135966 0.167354 0.043295
v -0.120216 0.167354 0.086567
v -0.040605 0.167354 0.057590
v -0.056354 0.167354 0.014319
v -0.040605 0.061070 0.057590
v -0.120216 0.061070 0.086567
v -0.135966 0.061070 0.043295
v -0.056354 0.061070 0.014319
v -0.039323 0.163604 0.061115
v -0.118934 0.163604 0.090090
v -0.118934 0.064820 0.090090
v -0.039323 0.064820 0.061115
v -0.137249 0.064820 0.039771
v -0.137249 0.163604 0.039771
v -0.057636 0.163604 0.010794
v -0.057636 0.064820 0.010794
v -0.165609 0.156572 0.030657
v -0.186170 0.156572 0.055160
v -0.188847 0.158157 0.054983
v -0.166248 0.158157 0.028052
v -0.160148 0.162488 0.027518
v -0.188313 0.162488 0.061083
v -0.186170 0.071852 0.055160
v -0.188847 0.070266 0.054983
v -0.188313 0.065936 0.061083
v -0.165609 0.071852 0.030657
v -0.166248 0.070266 0.028052
v -0.160148 0.065936 0.027518
v -0.297212 0.071852 -0.038016
v -0.297212 0.156572 -0.038016
v -0.296571 0.158157 -0.035410
v -0.296571 0.070266 -0.035410
v -0.302672 0.065936 -0.034876
v -0.302672 0.162488 -0.034876
v -0.276651 0.156572 -0.062518
v -0.273974 0.158157 -0.062341
v -0.274508 0.162488 -0.068442
v -0.276651 0.071852 -0.062518
v -0.273974 0.070266 -0.062341
v -0.274508 0.065936 -0.068442
v -0.294339 0.160322 -0.035605
v -0.189042 0.160322 0.052749
v -0.168482 0.160322 0.028247
v -0.273779 0.160322 -0.060108
v -0.168482 0.068102 0.028247
v -0.189042 0.068102 0.052749
v -0.294339 0.068102 -0.035605
v -0.273779 0.068102 -0.060108
v -0.191453 0.071852 0.055622
v -0.191453 0.156572 0.055622
v -0.296750 0.156572 -0.032733
v -0.296750 0.071852 -0.032733
v -0.271368 0.156572 -0.062980
v -0.166071 0.156572 0.025374
v -0.166071 0.071852 0.025374
v -0.271368 0.071852 -0.062980
v 0.236835 0.186129 -0.041242
v 0.199896 0.179615 0.003459
v 0.196984 0.180711 0.003282
v 0.235930 0.187578 -0.043848
v 0.241186 0.192902 -0.044382
v 0.196758 0.185069 0.009383
v 0.216133 0.087527 0.003459
v 0.213772 0.085500 0.003282
v 0.215050 0.081329 0.009383
v 0.253072 0.094040 -0.041242
v 0.252718 0.092367 -0.043848
v 0.259477 0.089163 -0.044382
v 0.130648 0.072453 -0.069378
v 0.114411 0.164543 -0.069378
v 0.114766 0.166214 -0.066772
v 0.131554 0.071003 -0.066772
v 0.126298 0.065679 -0.066238
v 0.108006 0.169419 -0.066238
v 0.151350 0.171056 -0.114079
v 0.153711 0.173081 -0.113901
v 0.152434 0.177252 -0.120001
v 0.167587 0.078966 -0.114079
v 0.170500 0.077870 -0.113901
v 0.170725 0.073514 -0.120001
v 0.116589 0.168734 -0.066967
v 0.196416 0.182810 0.001049
v 0.233355 0.189323 -0.043653
v 0.153528 0.175247 -0.111669
v 0.250896 0.089847 -0.043653
v 0.213955 0.083334 0.001049
v 0.134128 0.069258 -0.066967
v 0.171067 0.075773 -0.111669
v 0.210931 0.086609 0.003921
v 0.194694 0.178698 0.003921
v 0.114867 0.164622 -0.064095
v 0.131104 0.072533 -0.064095
v 0.156553 0.171972 -0.114541
v 0.236380 0.186048 -0.046525
v 0.252618 0.093959 -0.046525
v 0.172791 0.079884 -0.114541
v -0.042162 0.061304 0.063239
v -0.042162 0.167120 0.063239
v -0.039486 0.168704 0.063062
v -0.039486 0.059720 0.063062
v -0.040019 0.055389 0.069162
v -0.040019 0.173034 0.069162
v -0.076283 0.167120 0.022577
v -0.075642 0.168704 0.019971
v -0.081743 0.173034 0.019437
v -0.076283 0.061304 0.022577
v -0.075642 0.059720 0.019971
v -0.081743 0.055389 0.019437
v 0.034759 0.167120 -0.070597
v 0.068880 0.167120 -0.029937
v 0.068239 0.168704 -0.027330
v 0.032083 0.168704 -0.070420
v 0.032616 0.173034 -0.076521
v 0.074340 0.173034 -0.026797
v 0.068880 0.061304 -0.029937
v 0.068239 0.059720 -0.027330
v 0.074340 0.055389 -0.026797
v 0.034759 0.061304 -0.070597
v 0.032083 0.059720 -0.070420
v 0.032616 0.055389 -0.076521
v -0.073409 0.170870 0.020166
v -0.039290 0.170870 0.060828
v 0.066007 0.170870 -0.027526
v 0.031887 0.170870 -0.068188
v 0.066007 0.057554 -0.027526
v -0.039290 0.057554 0.060828
v -0.073409 0.057554 0.020166
v 0.031887 0.057554 -0.068188
v 0.068418 0.167120 -0.024654
v -0.036879 0.167120 0.063701
v -0.036879 0.061304 0.063701
v 0.068418 0.061304 -0.024654
v -0.075819 0.061304 0.017294
v -0.075819 0.167120 0.017294
v 0.029476 0.167120 -0.071061
v 0.029476 0.061304 -0.071061
v -0.669963 0.135479 0.008330
v -0.671948 0.135479 0.019041
v -0.674366 0.137063 0.020204
v -0.671804 0.137063 0.006377
v -0.666756 0.141393 0.002909
v -0.670898 0.141393 0.025251
v -0.671948 0.092945 0.019041
v -0.674366 0.091361 0.020204
v -0.670898 0.087030 0.025251
v -0.669963 0.092945 0.008330
v -0.671804 0.091361 0.006377
v -0.666756 0.087030 0.002909
v -0.733242 0.092945 0.007680
v -0.733242 0.135479 0.007680
v -0.731402 0.137063 0.009633
v -0.731402 0.091361 0.009633
v -0.736449 0.087030 0.013101
v -0.736449 0.141393 0.013101
v -0.731258 0.135479 -0.003030
v -0.728840 0.137063 -0.004194
v -0.732308 0.141393 -0.009240
v -0.731258 0.092945 -0.003030
v -0.728840 0.091361 -0.004194
v -0.732308 0.087030 -0.009240
v -0.729555 0.139229 0.008364
v -0.675635 0.139229 0.018357
v -0.673650 0.139229 0.007647
v -0.727571 0.139229 -0.002346
v -0.673650 0.089195 0.007647
v -0.675635 0.089195 0.018357
v -0.729555 0.089195 0.008364
v -0.727571 0.089195 -0.002346
v -0.676319 0.092945 0.022044
v -0.676319 0.135479 0.022044
v -0.730239 0.135479 0.012051
v -0.730239 0.092945 0.012051
v -0.726887 0.135479 -0.006034
v -0.672968 0.135479 0.003960
v -0.672968 0.092945 0.003960
v -0.726887 0.092945 -0.006034
v -0.718412 0.121416 0.002256
v -0.705264 0.121416 0.027510
v -0.706454 0.123000 0.029915
v -0.721064 0.123000 0.001850
v -0.719222 0.127331 -0.003990
v -0.700613 0.127331 0.031757
v -0.705264 0.107007 0.027510
v -0.706454 0.105423 0.029915
v -0.700613 0.101093 0.031757
v -0.718412 0.107007 0.002256
v -0.721064 0.105423 0.001850
v -0.719222 0.101093 -0.003990
v -0.875940 0.107007 0.116358
v -0.875940 0.121416 0.116358
v -0.873288 0.123000 0.116763
v -0.873288 0.105423 0.116763
v -0.875129 0.101093 0.122604
v -0.875129 0.127331 0.122604
v -0.889086 0.121416 0.091104
v -0.887898 0.123000 0.088698
v -0.893738 0.127331 0.086856
v -0.889086 0.107007 0.091104
v -0.887898 0.105423 0.088698
v -0.893738 0.101093 0.086856
v -0.872613 0.125166 0.114626
v -0.708591 0.125166 0.029241
v -0.721737 0.125166 0.003987
v -0.885761 0.125166 0.089372
v -0.721737 0.103257 0.003987
v -0.708591 0.103257 0.029241
v -0.872613 0.103257 0.114626
v -0.885761 0.103257 0.089372
v -0.706860 0.107007 0.032568
v -0.706860 0.121416 0.032568
v -0.870882 0.121416 0.117953
v -0.870882 0.107007 0.117953
v -0.887492 0.121416 0.086046
v -0.723470 0.121416 0.000662
v -0.723470 0.107007 0.000662
v -0.887492 0.107007 0.086046
v -0.705264 0.107007 -0.023811
v -0.705264 0.121416 -0.023811
v -0.706454 0.123000 -0.026215
v -0.706454 0.105423 -0.026215
v -0.700613 0.101093 -0.028057
v -0.700613 0.127331 -0.028057
v -0.718412 0.121416 0.001443
v -0.721064 0.123000 0.001850
v -0.719222 0.127331 0.007691
v -0.718412 0.107007 0.001443
v -0.721064 0.105423 0.001850
v -0.719222 0.101093 0.007691
v -0.889086 0.121416 -0.087405
v -0.875940 0.121416 -0.112657
v -0.873288 0.123000 -0.113064
v -0.887898 0.123000 -0.084999
v -0.893738 0.127331 -0.083157
v -0.875129 0.127331 -0.118905
v -0.875940 0.107007 -0.112657
v -0.873288 0.105423 -0.113064
v -0.875129 0.101093 -0.118905
v -0.889086 0.107007 -0.087405
v -0.887898 0.105423 -0.084999
v -0.893738 0.101093 -0.083157
v -0.721737 0.125166 -0.000288
v -0.708591 0.125166 -0.025542
v -0.872613 0.125166 -0.110926
v -0.885761 0.125166 -0.085672
v -0.872613 0.103257 -0.110926
v -0.708591 0.103257 -0.025542
v -0.721737 0.103257 -0.000288
v -0.885761 0.103257 -0.085672
v -0.870882 0.121416 -0.114253
v -0.706860 0.121416 -0.028867
v -0.706860 0.107007 -0.028867
v -0.870882 0.107007 -0.114253
v -0.723470 0.107007 0.003038
v -0.723470 0.121416 0.003038
v -0.887492 0.121416 -0.082347
v -0.887492 0.107007 -0.082347
vn 0.1079 0.9942 -0.0000
vn -0.9852 -0.1717 -0.0000
vn 0.5116 0.2954 0.8068
vn -0.8133 -0.4695 0.3437
vn 0.9150 -0.4035 -0.0000
vn -0.6416 -0.7671 -0.0000
vn 0.5113 0.2952 -0.8071
vn -0.8134 -0.4697 -0.3432
vn -0.8134 -0.4696 -0.3433
vn -0.5117 -0.2954 0.8067
vn 0.8133 0.4695 0.3437
vn -0.9152 0.4031 -0.0000
vn 0.6413 0.7673 -0.0000
vn -0.5114 -0.2953 -0.8070
vn 0.8133 0.4695 -0.3437
vn -0.1079 -0.9942 -0.0000
vn 0.9851 0.1720 -0.0000
vn -0.2954 0.5117 0.8068
vn 0.4695 -0.8133 0.3437
vn 0.4035 0.9150 -0.0000
vn 0.7672 -0.6414 -0.0000
vn -0.2952 0.5114 -0.8070
vn 0.4695 -0.8133 -0.3437
vn -0.9941 0.1085 -0.0000
vn 0.1719 -0.9851 -0.0000
vn 0.9942 -0.1078 -0.0000
vn -0.1720 0.9851 -0.0000
vn 0.2953 -0.5115 0.8069
vn -0.4695 0.8133 0.3436
vn -0.4035 -0.9150 -0.0000
vn -0.7672 0.6414 -0.0000
vn 0.2951 -0.5112 -0.8072
vn -0.4695 0.8133 -0.3436
vn 0.6988 0.4034 0.5907
vn 0.2976 0.1718 -0.9391
vn -0.4034 0.6987 0.5908
vn -0.1718 0.2976 -0.9391
vn -0.6987 -0.4034 0.5909
vn -0.2976 -0.1718 -0.9391
vn 0.4034 -0.6988 0.5907
vn 0.1718 -0.2976 -0.9391
vn -0.4035 0.6989 -0.5905
vn -0.1718 0.2976 0.9391
vn 0.6989 0.4035 -0.5905
vn 0.2976 0.1718 0.9391
vn 0.4035 -0.6989 -0.5905
vn 0.1718 -0.2976 0.9391
vn -0.6989 -0.4035 -0.5906
vn -0.2976 -0.1718 0.9391
vn 0.9465 0.3226 -0.0000
vn -0.5721 0.8202 -0.0000
vn 0.4837 -0.3387 0.8070
vn -0.7692 0.5386 0.3438
vn 0.0212 -0.9998 -0.0000
vn -0.9664 0.2570 -0.0000
vn 0.4840 -0.3389 -0.8068
vn -0.7692 0.5386 -0.3437
vn -0.4837 0.3387 0.8070
vn 0.7692 -0.5386 0.3438
vn -0.0207 0.9998 -0.0000
vn 0.9664 -0.2570 -0.0000
vn -0.4840 0.3389 -0.8068
vn 0.7692 -0.5386 -0.3437
vn -0.9467 -0.3221 -0.0000
vn 0.5721 -0.8202 -0.0000
vn 0.3386 0.4836 0.8072
vn -0.5386 -0.7692 0.3437
vn 0.9998 0.0207 -0.0000
vn -0.2570 -0.9664 -0.0000
vn 0.3388 0.4839 -0.8069
vn -0.5386 -0.7693 -0.3437
vn -0.3224 0.9466 -0.0000
vn -0.8201 -0.5722 -0.0000
vn 0.3219 -0.9468 -0.0000
vn 0.8201 0.5722 -0.0000
vn -0.3386 -0.4836 0.8071
vn 0.5386 0.7693 0.3436
vn -0.9998 -0.0212 -0.0000
vn 0.2572 0.9664 -0.0000
vn -0.3389 -0.4839 -0.8068
vn 0.5387 0.7693 -0.3436
vn 0.6611 -0.4629 0.5905
vn 0.2815 -0.1971 -0.9391
vn 0.4629 0.6611 0.5904
vn 0.1971 0.2815 -0.9391
vn -0.6610 0.4628 0.5907
vn -0.2815 0.1971 -0.9391
vn -0.4629 -0.6611 0.5905
vn -0.1971 -0.2815 -0.9391
vn 0.4628 0.6610 -0.5907
vn 0.1972 0.2817 0.9390
vn 0.6609 -0.4628 -0.5908
vn 0.2817 -0.1972 0.9390
vn -0.4628 -0.6609 -0.5908
vn -0.1972 -0.2817 0.9390
vn -0.6608 0.4627 -0.5909
vn -0.2816 0.1972 0.9390
vn 0.4748 -0.5635 -0.6761
vn 0.4443 0.8956 -0.0241
vn 0.3997 -0.8062 0.4362
vn 0.4123 0.7922 0.4500
vn -0.7148 -0.5636 0.4140
vn -0.0627 0.8956 0.4405
vn -0.6399 -0.3209 -0.6983
vn -0.0307 0.9990 -0.0335
vn 0.6400 0.3204 0.6984
vn 0.0307 -0.9990 0.0335
vn 0.7149 0.5632 -0.4143
vn 0.0627 -0.8956 -0.4405
vn -0.4000 0.8059 -0.4365
vn -0.4124 -0.7921 -0.4500
vn -0.4749 0.5633 0.6761
vn -0.4442 -0.8956 0.0241
vn 0.2167 -0.9472 0.2365
vn -0.6749 -0.0453 -0.7365
vn 0.9755 -0.1775 -0.1301
vn -0.3516 0.2824 -0.8925
vn 0.5445 0.5920 0.5942
vn -0.5353 0.6102 -0.5841
vn -0.2145 -0.1776 0.9605
vn -0.8584 0.2824 -0.4282
vn 0.2144 0.1776 -0.9605
vn 0.2141 0.1777 -0.9605
vn 0.8585 -0.2824 0.4280
vn -0.5447 -0.5916 -0.5944
vn 0.5352 -0.6103 0.5841
vn -0.9755 0.1777 0.1296
vn 0.3517 -0.2824 0.8925
vn -0.2165 0.9473 -0.2362
vn 0.6749 0.0454 0.7365
vn 0.9554 -0.2426 0.1684
vn -0.4709 -0.1034 0.8761
vn 0.2717 -0.7694 -0.5780
vn -0.7622 -0.3278 0.5582
vn -0.0851 0.2428 -0.9663
vn -0.9138 0.1033 0.3928
vn 0.5993 0.7697 -0.2200
vn -0.6226 0.3277 0.7106
vn -0.5995 -0.7695 0.2202
vn 0.6225 -0.3278 -0.7106
vn 0.0846 -0.2427 0.9664
vn 0.9139 -0.1034 -0.3926
vn -0.2715 0.7696 0.5779
vn 0.7622 0.3280 -0.5582
vn -0.9554 0.2427 -0.1684
vn 0.4708 0.1034 -0.8762
vn 0.9247 -0.3796 0.0286
vn -0.0274 0.6037 -0.7968
vn 0.4484 0.2381 0.8615
vn 0.4484 0.2380 0.8615
vn -0.2302 0.8669 -0.4421
vn -0.5068 -0.3797 0.7739
vn -0.6370 0.6036 -0.4794
vn -0.0307 -0.9978 -0.0590
vn -0.4342 0.3404 -0.8340
vn 0.0305 0.9978 0.0585
vn 0.4342 -0.3401 0.8341
vn 0.5067 0.3798 -0.7740
vn 0.6372 -0.6036 0.4793
vn -0.4485 -0.2382 -0.8615
vn 0.2301 -0.8669 0.4421
vn -0.9246 0.3798 -0.0290
vn 0.0272 -0.6036 0.7968
vn 0.4608 -0.0661 0.8851
vn -0.1571 -0.9403 -0.3019
vn 0.8910 0.4526 -0.0357
vn 0.0262 -0.7194 -0.6941
vn -0.1100 0.9712 -0.2113
vn -0.4003 -0.4984 -0.7690
vn -0.5404 0.4525 0.7094
vn -0.5836 -0.7194 -0.3767
vn 0.5405 -0.4524 -0.7094
vn 0.5836 0.7194 0.3767
vn 0.1102 -0.9711 0.2118
vn 0.4003 0.4984 0.7690
vn -0.8910 -0.4525 0.0358
vn -0.0261 0.7194 0.6941
vn -0.4607 0.0661 -0.8851
vn 0.1571 0.9403 0.3019
vn 0.7634 0.6182 0.1874
vn -0.7310 0.2632 0.6295
vn 0.8091 -0.5189 0.2760
vn 0.8092 -0.5188 0.2757
vn -0.7114 -0.2209 0.6671
vn 0.2843 -0.6182 -0.7328
vn -0.9350 -0.2633 0.2377
vn 0.2386 0.5186 -0.8210
vn -0.9545 0.2209 0.2002
vn -0.2385 -0.5187 0.8210
vn 0.9546 -0.2210 -0.2000
vn -0.2845 0.6181 0.7328
vn -0.2849 0.6179 0.7328
vn 0.9350 0.2633 -0.2376
vn -0.8094 0.5186 -0.2754
vn 0.7114 0.2209 -0.6672
vn -0.7634 -0.6181 -0.1873
vn 0.7309 -0.2633 -0.6296
vn 0.2498 -0.2951 -0.9222
vn 0.8029 0.4695 0.3674
vn -0.0729 -0.9942 -0.0796
vn 0.6655 0.1719 0.7263
vn -0.9405 -0.2954 0.1678
vn 0.2961 0.4696 0.8318
vn -0.6182 0.4034 -0.6746
vn 0.4334 0.7671 0.4729
vn 0.6182 -0.4034 0.6746
vn -0.4333 -0.7673 -0.4728
vn 0.9405 0.2955 -0.1676
vn -0.2960 -0.4695 -0.8318
vn 0.0733 0.9941 0.0800
vn -0.6655 -0.1718 -0.7263
vn -0.2492 0.2954 0.9223
vn -0.8029 -0.4695 -0.3673
vn -0.2727 -0.9149 -0.2976
vn -0.5184 0.6413 -0.5657
vn 0.7945 -0.5114 -0.3275
vn -0.0638 0.8133 -0.5784
vn 0.6716 -0.1084 0.7329
vn -0.1162 0.9851 -0.1268
vn -0.3954 -0.5115 0.7629
vn -0.5707 0.8132 -0.1139
vn 0.3954 0.5116 -0.7629
vn 0.5707 -0.8132 0.1139
vn -0.6716 0.1089 -0.7329
vn -0.6716 0.1091 -0.7328
vn -0.6716 0.1090 -0.7328
vn 0.1160 -0.9851 0.1266
vn -0.7944 0.5117 0.3273
vn 0.0637 -0.8132 0.5784
vn 0.2723 0.9152 0.2972
vn 0.5183 -0.6414 0.5657
vn 0.7079 -0.6990 -0.1014
vn -0.5762 -0.2977 0.7611
vn -0.0367 -0.4035 -0.9143
vn -0.8935 -0.1719 0.4149
vn 0.1631 0.6987 -0.6966
vn -0.8085 0.2977 0.5077
vn 0.9076 0.4034 0.1160
vn -0.4913 0.1719 0.8539
vn -0.9076 -0.4035 -0.1162
vn 0.4913 -0.1718 -0.8539
vn -0.1627 -0.6990 0.6964
vn 0.8085 -0.2976 -0.5077
vn 0.0365 0.4034 0.9143
vn 0.8934 0.1719 -0.4150
vn -0.7081 0.6988 0.1016
vn 0.5763 0.2976 -0.7611
vn 0.3996 -0.8063 -0.4361
vn 0.4123 0.7922 -0.4500
vn 0.4749 -0.5633 0.6761
vn 0.4443 0.8956 0.0241
vn -0.6399 -0.3209 0.6983
vn -0.0307 0.9990 0.0335
vn -0.7148 -0.5636 -0.4140
vn -0.0627 0.8956 -0.4405
vn 0.7149 0.5632 0.4143
vn 0.0631 -0.8954 0.4407
vn 0.6399 0.3206 -0.6984
vn 0.0307 -0.9990 -0.0335
vn -0.4749 0.5633 -0.6761
vn -0.4442 -0.8956 -0.0241
vn -0.3999 0.8059 0.4365
vn -0.4123 -0.7922 0.4500
vn 0.9755 -0.1775 0.1301
vn -0.3517 0.2824 0.8925
vn 0.2167 -0.9472 -0.2365
vn -0.6749 -0.0453 0.7365
vn -0.2137 -0.1778 -0.9606
vn -0.2138 -0.1778 -0.9606
vn -0.8584 0.2824 0.4282
vn 0.5446 0.5918 -0.5943
vn -0.5353 0.6102 0.5841
vn -0.5447 -0.5916 0.5944
vn 0.5352 -0.6103 -0.5841
vn 0.2147 0.1775 0.9604
vn 0.2148 0.1775 0.9604
vn 0.8585 -0.2824 -0.4280
vn -0.2165 0.9473 0.2362
vn 0.6749 0.0454 -0.7365
vn -0.9755 0.1777 -0.1296
vn 0.3517 -0.2824 -0.8925
vn 0.2716 -0.7695 0.5780
vn -0.7622 -0.3278 -0.5582
vn 0.9554 -0.2426 -0.1683
vn -0.4709 -0.1034 -0.8761
vn 0.5993 0.7697 0.2200
vn -0.6226 0.3277 -0.7106
vn -0.0846 0.2427 0.9664
vn -0.9138 0.1033 -0.3928
vn 0.0850 -0.2427 -0.9664
vn 0.0849 -0.2427 -0.9664
vn 0.9139 -0.1034 0.3926
vn -0.5994 -0.7695 -0.2202
vn 0.6225 -0.3278 0.7107
vn -0.9554 0.2427 0.1684
vn 0.4709 0.1034 0.8761
vn -0.2716 0.7695 -0.5780
vn 0.7622 0.3280 0.5582
vn 0.4484 0.2388 -0.8613
vn -0.2302 0.8669 0.4422
vn 0.9247 -0.3796 -0.0286
vn -0.0274 0.6037 0.7968
vn -0.0307 -0.9978 0.0590
vn -0.4342 0.3404 0.8340
vn -0.5070 -0.3796 -0.7739
vn -0.6370 0.6037 0.4795
vn 0.5067 0.3798 0.7740
vn 0.6372 -0.6036 -0.4793
vn 0.0305 0.9978 -0.0585
vn 0.4342 -0.3402 -0.8341
vn -0.9245 0.3800 0.0294
vn 0.0272 -0.6036 -0.7968
vn -0.4485 -0.2382 0.8615
vn 0.2301 -0.8669 -0.4421
vn 0.8910 0.4526 0.0357
vn 0.0263 -0.7193 0.6942
vn 0.4608 -0.0661 -0.8851
vn -0.1571 -0.9403 0.3019
vn -0.5404 0.4525 -0.7094
vn -0.5836 -0.7194 0.3767
vn -0.1100 0.9712 0.2113
vn -0.4003 -0.4984 0.7690
vn 0.1102 -0.9711 -0.2118
vn 0.4003 0.4984 -0.7690
vn 0.5405 -0.4524 0.7094
vn 0.5836 0.7194 -0.3767
vn -0.4607 0.0661 0.8851
vn 0.1571 0.9403 -0.3019
vn -0.8912 -0.4521 -0.0362
vn -0.0261 0.7194 -0.6941
vn 0.8095 -0.5185 -0.2753
vn 0.8096 -0.5185 -0.2752
vn 0.8095 -0.5185 -0.2754
vn -0.7114 -0.2209 -0.6671
vn 0.7634 0.6182 -0.1874
vn -0.7311 0.2631 -0.6295
vn 0.2386 0.5186 0.8210
vn -0.9545 0.2209 -0.2002
vn 0.2843 -0.6182 0.7328
vn -0.9350 -0.2633 -0.2377
vn -0.2845 0.6181 -0.7328
vn 0.9350 0.2633 0.2376
vn -0.2385 -0.5187 -0.8210
vn 0.9546 -0.2210 0.2000
vn -0.7634 -0.6181 0.1873
vn 0.7309 -0.2633 0.6296
vn -0.8094 0.5186 0.2754
vn 0.7114 0.2209 0.6672
vn -0.0729 -0.9942 0.0796
vn 0.6656 0.1718 -0.7263
vn 0.2498 -0.2951 0.9222
vn 0.8029 0.4695 -0.3674
vn -0.6182 0.4032 0.6747
vn 0.4334 0.7672 -0.4729
vn -0.9405 -0.2954 -0.1679
vn 0.2959 0.4695 -0.8318
vn 0.9405 0.2955 0.1676
vn -0.2960 -0.4695 0.8318
vn 0.6182 -0.4034 -0.6746
vn -0.4333 -0.7673 0.4728
vn -0.2492 0.2954 -0.9223
vn -0.8029 -0.4695 0.3673
vn 0.0733 0.9941 -0.0800
vn -0.6655 -0.1718 0.7263
vn 0.7945 -0.5114 0.3275
vn -0.0638 0.8133 0.5784
vn -0.2727 -0.9149 0.2976
vn -0.5184 0.6413 0.5657
vn -0.3954 -0.5115 -0.7629
vn -0.5707 0.8132 0.1139
vn 0.6716 -0.1084 -0.7329
vn -0.1162 0.9851 0.1268
vn -0.6716 0.1082 0.7330
vn 0.1160 -0.9851 -0.1266
vn 0.3954 0.5116 0.7629
vn 0.5707 -0.8132 -0.1139
vn 0.2723 0.9152 -0.2972
vn 0.5183 -0.6414 -0.5657
vn -0.7944 0.5117 -0.3273
vn 0.0637 -0.8132 -0.5784
vn -0.0367 -0.4035 0.9143
vn -0.8934 -0.1719 -0.4150
vn 0.7079 -0.6990 0.1014
vn -0.5762 -0.2977 -0.7611
vn 0.9076 0.4034 -0.1160
vn -0.4913 0.1719 -0.8539
vn 0.1631 0.6987 0.6966
vn -0.8085 0.2976 -0.5078
vn -0.1626 -0.6990 -0.6964
vn 0.8085 -0.2976 0.5078
vn -0.9076 -0.4035 0.1162
vn 0.4913 -0.1718 0.8539
vn -0.7081 0.6988 -0.1016
vn 0.5763 0.2976 0.7611
vn 0.0365 0.4034 -0.9143
vn 0.8934 0.1719 0.4150
vn 0.4418 0.8971 -0.0000
vn -0.9845 0.1755 -0.0000
vn 0.5816 0.1026 0.8070
vn -0.9248 -0.1631 0.3438
vn 0.7220 -0.6919 -0.0000
vn -0.8652 -0.5015 -0.0000
vn 0.5816 0.1025 -0.8070
vn -0.9248 -0.1631 -0.3438
vn -0.5818 -0.1026 0.8068
vn 0.9248 0.1631 0.3438
vn -0.7218 0.6921 -0.0000
vn 0.8651 0.5015 -0.0000
vn -0.5815 -0.1025 -0.8071
vn 0.9248 0.1631 -0.3438
vn -0.4416 -0.8972 -0.0000
vn 0.9845 -0.1755 -0.0000
vn -0.1026 0.5818 0.8068
vn 0.1631 -0.9248 0.3438
vn 0.6919 0.7220 -0.0000
vn 0.5015 -0.8652 -0.0000
vn -0.1025 0.5815 -0.8071
vn 0.1631 -0.9248 -0.3438
vn -0.8972 0.4416 -0.0000
vn -0.1755 -0.9845 -0.0000
vn 0.8972 -0.4416 -0.0000
vn 0.1753 0.9845 -0.0000
vn 0.1026 -0.5818 0.8068
vn -0.1631 0.9248 0.3437
vn -0.6921 -0.7218 -0.0000
vn -0.5015 0.8652 -0.0000
vn 0.1025 -0.5815 -0.8071
vn -0.1631 0.9248 -0.3437
vn 0.7945 0.1401 0.5909
vn 0.3384 0.0597 -0.9391
vn -0.1401 0.7946 0.5907
vn -0.0597 0.3384 -0.9391
vn -0.7946 -0.1401 0.5908
vn -0.3384 -0.0597 -0.9391
vn 0.1401 -0.7946 0.5908
vn 0.0597 -0.3385 -0.9391
vn -0.1401 0.7948 -0.5905
vn -0.0597 0.3384 0.9391
vn 0.7946 0.1401 -0.5907
vn 0.3384 0.0597 0.9391
vn 0.1401 -0.7948 -0.5905
vn 0.0597 -0.3385 0.9391
vn -0.7948 -0.1401 -0.5905
vn -0.3384 -0.0597 0.9391
vn 0.5907 0.8069 -0.0000
vn -0.9391 0.3437 -0.0000
vn 0.5907 -0.0000 0.8069
vn -0.9391 -0.0000 0.3437
vn 0.5903 -0.8072 -0.0000
vn -0.9391 -0.3437 -0.0000
vn 0.5903 -0.0000 -0.8072
vn -0.9391 -0.0000 -0.3437
vn -0.5907 -0.0000 0.8069
vn 0.9391 -0.0000 0.3437
vn -0.5907 0.8069 -0.0000
vn 0.9391 0.3437 -0.0000
vn -0.5903 -0.0000 -0.8072
vn 0.9391 -0.0000 -0.3437
vn -0.5903 -0.8072 -0.0000
vn 0.9391 -0.3437 -0.0000
vn -0.0000 0.5909 0.8067
vn -0.0000 -0.9391 0.3437
vn 0.8070 0.5906 -0.0000
vn 0.3437 -0.9391 -0.0000
vn -0.0000 0.5906 -0.8070
vn -0.0000 -0.9391 -0.3437
vn -0.8070 0.5906 -0.0000
vn -0.3437 -0.9391 -0.0000
vn 0.8072 -0.5903 -0.0000
vn 0.3437 0.9391 -0.0000
vn -0.0000 -0.5907 0.8069
vn -0.0000 0.9391 0.3437
vn -0.8072 -0.5903 -0.0000
vn -0.3437 0.9391 -0.0000
vn -0.0000 -0.5903 -0.8072
vn -0.0000 0.9391 -0.3437
vn 0.8070 -0.0000 0.5906
vn 0.3437 -0.0000 -0.9391
vn -0.0000 0.8067 0.5909
vn -0.0000 0.3437 -0.9391
vn -0.8070 -0.0000 0.5906
vn -0.3437 -0.0000 -0.9391
vn -0.0000 -0.8070 0.5906
vn -0.0000 -0.3437 -0.9391
vn -0.0000 0.8069 -0.5907
vn -0.0000 0.3437 0.9391
vn 0.8072 -0.0000 -0.5903
vn 0.3437 -0.0000 0.9391
vn -0.0000 -0.8072 -0.5903
vn -0.0000 -0.3437 0.9391
vn -0.8072 -0.0000 -0.5903
vn -0.3437 -0.0000 0.9391
vn 0.8060 0.5919 -0.0000
vn -0.7923 0.6101 -0.0000
vn 0.5631 -0.1775 0.8071
vn -0.8956 0.2824 0.3437
vn 0.3204 -0.9473 -0.0000
vn -0.9990 -0.0455 -0.0000
vn 0.5635 -0.1777 -0.8068
vn -0.8956 0.2824 -0.3437
vn -0.5632 0.1776 0.8071
vn 0.8956 -0.2824 0.3438
vn -0.3209 0.9471 -0.0000
vn 0.9990 0.0455 -0.0000
vn -0.5635 0.1777 -0.8068
vn 0.8956 -0.2824 -0.3438
vn -0.8060 -0.5919 -0.0000
vn 0.7922 -0.6103 -0.0000
vn 0.1776 0.5632 0.8070
vn -0.2824 -0.8956 0.3437
vn 0.9471 0.3209 -0.0000
vn 0.0455 -0.9990 -0.0000
vn 0.1777 0.5635 -0.8068
vn -0.2824 -0.8956 -0.3437
vn -0.5919 0.8060 -0.0000
vn -0.6101 -0.7923 -0.0000
vn 0.5919 -0.8060 -0.0000
vn 0.6103 0.7922 -0.0000
vn -0.1775 -0.5630 0.8072
vn 0.2824 0.8956 0.3437
vn -0.9473 -0.3202 -0.0000
vn -0.0452 0.9990 -0.0000
vn -0.1776 -0.5633 -0.8069
vn 0.2824 0.8956 -0.3437
vn 0.7697 -0.2427 0.5904
vn 0.3278 -0.1033 -0.9391
vn 0.2427 0.7696 0.5906
vn 0.1033 0.3277 -0.9391
vn -0.7697 0.2427 0.5905
vn -0.3277 0.1033 -0.9391
vn -0.2427 -0.7697 0.5904
vn -0.1033 -0.3277 -0.9391
vn 0.2426 0.7694 -0.5909
vn 0.1034 0.3279 0.9390
vn 0.7696 -0.2426 -0.5907
vn 0.3280 -0.1034 0.9390
vn -0.2426 -0.7695 -0.5907
vn -0.1034 -0.3279 0.9390
vn -0.7695 0.2426 -0.5907
vn -0.3279 0.1034 0.9390
vn -0.9391 0.3436 -0.0000
vn 0.5903 -0.0000 0.8072
vn 0.5907 -0.8069 -0.0000
vn -0.9391 -0.3436 -0.0000
vn 0.5907 -0.0000 -0.8069
vn -0.9391 -0.0000 -0.3436
vn -0.5906 -0.0000 0.8070
vn 0.9390 -0.0000 0.3439
vn -0.5909 0.8067 -0.0000
vn 0.9390 0.3438 -0.0000
vn -0.5909 -0.0000 -0.8067
vn 0.9390 -0.0000 -0.3438
vn -0.5909 -0.8067 -0.0000
vn 0.9390 -0.3438 -0.0000
vn -0.0000 0.5906 0.8070
vn -0.0000 -0.9390 0.3439
vn 0.3439 -0.9390 -0.0000
vn -0.0000 0.5909 -0.8067
vn -0.0000 -0.9390 -0.3438
vn -0.8067 0.5909 -0.0000
vn -0.3438 -0.9390 -0.0000
vn 0.8070 -0.5906 -0.0000
vn 0.3439 0.9390 -0.0000
vn -0.0000 -0.5906 0.8070
vn -0.0000 0.9390 0.3439
vn -0.8067 -0.5909 -0.0000
vn -0.3438 0.9390 -0.0000
vn -0.0000 -0.5909 -0.8067
vn -0.0000 0.9390 -0.3438
vn 0.8072 -0.0000 0.5903
vn -0.0000 0.8069 0.5907
vn -0.0000 0.3436 -0.9391
vn -0.8069 -0.0000 0.5907
vn -0.3436 -0.0000 -0.9391
vn -0.0000 -0.8069 0.5907
vn -0.0000 -0.3436 -0.9391
vn -0.0000 0.8067 -0.5909
vn -0.0000 0.3438 0.9390
vn 0.8070 -0.0000 -0.5906
vn 0.3439 -0.0000 0.9390
vn -0.0000 -0.8067 -0.5909
vn -0.0000 -0.3438 0.9390
vn -0.8067 -0.0000 -0.5909
vn -0.3438 -0.0000 0.9390
vn 0.8311 0.5561 -0.0000
vn -0.7649 0.6442 -0.0000
vn 0.5551 -0.2020 0.8069
vn -0.8825 0.3212 0.3437
vn 0.2789 -0.9603 -0.0000
vn -1.0000 -0.0017 -0.0000
vn 0.5548 -0.2019 -0.8071
vn -0.8825 0.3212 -0.3437
vn -0.5552 0.2021 0.8068
vn 0.8824 -0.3212 0.3437
vn -0.2794 0.9602 -0.0000
vn 1.0000 0.0017 -0.0000
vn -0.5549 0.2020 -0.8071
vn 0.8824 -0.3212 -0.3437
vn -0.8309 -0.5564 -0.0000
vn 0.7648 -0.6443 -0.0000
vn 0.2021 0.5553 0.8067
vn -0.3212 -0.8824 0.3438
vn 0.9603 0.2791 -0.0000
vn 0.0019 -1.0000 -0.0000
vn 0.2020 0.5549 -0.8070
vn -0.3212 -0.8824 -0.3438
vn -0.5564 0.8309 -0.0000
vn -0.6443 -0.7648 -0.0000
vn 0.5561 -0.8311 -0.0000
vn 0.6442 0.7649 -0.0000
vn -0.2021 -0.5551 0.8069
vn 0.3212 0.8825 0.3437
vn -0.9603 -0.2789 -0.0000
vn -0.0017 1.0000 -0.0000
vn -0.2019 -0.5548 -0.8071
vn 0.3212 0.8825 -0.3437
vn 0.7582 -0.2760 0.5908
vn 0.3229 -0.1175 -0.9391
vn 0.2759 0.7580 0.5910
vn 0.1175 0.3229 -0.9391
vn -0.7582 0.2760 0.5907
vn -0.3229 0.1175 -0.9391
vn -0.2760 -0.7583 0.5906
vn -0.1176 -0.3230 -0.9391
vn 0.2760 0.7582 -0.5907
vn 0.1175 0.3229 0.9391
vn 0.7584 -0.2760 -0.5905
vn 0.3229 -0.1175 0.9391
vn -0.2761 -0.7585 -0.5903
vn -0.1176 -0.3230 0.9391
vn -0.7584 0.2760 -0.5905
vn -0.3229 0.1175 0.9391
vn 0.2465 0.9478 0.2023
vn -0.9468 0.0213 -0.3212
vn 0.2627 0.0956 0.9601
vn -0.9397 -0.3420 0.0019
vn 0.7975 -0.5685 0.2020
vn -0.7116 -0.6249 -0.3212
vn 0.7808 0.2842 -0.5564
vn -0.7188 -0.2616 -0.6442
vn -0.7811 -0.2843 0.5559
vn 0.7187 0.2616 0.6443
vn -0.7976 0.5683 -0.2021
vn 0.7116 0.6248 0.3212
vn -0.2621 -0.0954 -0.9603
vn 0.9397 0.3420 -0.0019
vn -0.2456 -0.9481 -0.2020
vn -0.2459 -0.9480 -0.2021
vn 0.9468 -0.0213 0.3212
vn -0.4614 0.4608 0.7582
vn 0.2107 -0.9227 0.3229
vn 0.5102 0.8146 0.2759
vn 0.6247 -0.7719 0.1176
vn 0.0574 0.6494 -0.7583
vn 0.4317 -0.8422 -0.3230
vn -0.9145 0.2957 -0.2760
vn 0.0178 -0.9929 -0.1175
vn 0.9145 -0.2960 0.2759
vn -0.0175 0.9929 0.1176
vn -0.0571 -0.6497 0.7581
vn -0.4317 0.8422 0.3231
vn -0.5107 -0.8143 -0.2760
vn -0.6247 0.7720 -0.1175
vn 0.4613 -0.4605 -0.7583
vn -0.2107 0.9226 -0.3230
vn 0.5227 0.1902 0.8310
vn 0.6053 0.2203 -0.7649
vn -0.4658 0.6891 0.5551
vn 0.1842 0.4329 -0.8824
vn -0.9023 -0.3284 0.2794
vn -0.0018 -0.0007 -1.0000
vn 0.0863 -0.8275 0.5547
vn 0.0862 -0.8275 0.5549
vn 0.4194 -0.2132 -0.8824
vn -0.0865 0.8276 -0.5546
vn -0.0864 0.8276 -0.5546
vn -0.4194 0.2132 0.8824
vn 0.9024 0.3284 -0.2789
vn 0.0018 0.0007 1.0000
vn 0.4658 -0.6893 -0.5549
vn -0.1842 -0.4329 0.8824
vn -0.5227 -0.1902 -0.8310
vn -0.6053 -0.2203 0.7649
vn 0.5552 0.8068 0.2021
vn -0.8825 0.3437 -0.3212
vn 0.2789 -0.0000 0.9603
vn -1.0000 -0.0000 0.0017
vn 0.5552 -0.8068 0.2021
vn -0.8825 -0.3437 -0.3212
vn 0.8309 -0.0000 -0.5564
vn -0.7649 -0.0000 -0.6442
vn -0.8311 -0.0000 0.5561
vn 0.7649 -0.0000 0.6442
vn -0.5551 0.8069 -0.2020
vn 0.8824 0.3438 0.3212
vn -0.2789 -0.0000 -0.9603
vn 1.0000 -0.0000 -0.0019
vn -0.5551 -0.8069 -0.2020
vn 0.8824 -0.3438 0.3212
vn -0.2759 0.5908 0.7581
vn -0.1175 -0.9391 0.3229
vn 0.7583 0.5907 0.2760
vn 0.3230 -0.9391 0.1175
vn 0.2760 0.5907 -0.7583
vn 0.1175 -0.9391 -0.3229
vn -0.7583 0.5906 -0.2760
vn -0.3229 -0.9391 -0.1175
vn 0.7583 -0.5907 0.2760
vn 0.3230 0.9391 0.1175
vn -0.2759 -0.5908 0.7581
vn -0.1175 0.9391 0.3229
vn -0.7583 -0.5906 -0.2760
vn -0.3229 0.9391 -0.1175
vn 0.2760 -0.5907 -0.7583
vn 0.1175 0.9391 -0.3229
vn 0.5561 -0.0000 0.8311
vn 0.6442 -0.0000 -0.7649
vn -0.2021 0.8068 0.5552
vn 0.3212 0.3438 -0.8824
vn -0.9603 -0.0000 0.2791
vn -0.0019 -0.0000 -1.0000
vn -0.2020 -0.8070 0.5549
vn 0.3212 -0.3438 -0.8824
vn 0.2021 0.8068 -0.5552
vn -0.3212 0.3438 0.8824
vn 0.9603 -0.0000 -0.2789
vn 0.0019 -0.0000 1.0000
vn 0.2021 -0.8068 -0.5552
vn -0.3212 -0.3438 0.8824
vn -0.5564 -0.0000 -0.8309
vn -0.6442 -0.0000 0.7649
vn 0.4523 0.8071 0.3796
vn -0.7193 0.3438 -0.6036
vn -0.0662 -0.0000 0.9978
vn -0.9403 -0.0000 -0.3403
vn 0.4522 -0.8071 0.3795
vn -0.7193 -0.3438 -0.6036
vn 0.9712 -0.0000 -0.2381
vn -0.4984 -0.0000 -0.8670
vn -0.9711 -0.0000 0.2387
vn 0.4985 -0.0000 0.8669
vn -0.4523 0.8071 -0.3795
vn 0.7194 0.3438 0.6036
vn 0.0660 -0.0000 -0.9978
vn 0.9403 -0.0000 0.3403
vn -0.4523 -0.8071 -0.3795
vn 0.7194 -0.3438 0.6036
vn -0.5188 0.5903 0.6183
vn -0.2209 -0.9391 0.2633
vn 0.6183 0.5904 0.5188
vn 0.2632 -0.9391 0.2209
vn 0.5186 0.5908 -0.6181
vn 0.2209 -0.9391 -0.2632
vn -0.6182 0.5905 -0.5188
vn -0.2633 -0.9391 -0.2209
vn 0.6183 -0.5904 0.5188
vn 0.2632 0.9391 0.2209
vn -0.5188 -0.5904 0.6183
vn -0.2209 0.9391 0.2633
vn -0.6182 -0.5905 -0.5188
vn -0.2633 0.9391 -0.2209
vn 0.5186 -0.5908 -0.6181
vn 0.2209 0.9391 -0.2632
vn 0.2387 -0.0000 0.9711
vn 0.8669 -0.0000 -0.4985
vn -0.3795 0.8071 0.4522
vn 0.6036 0.3437 -0.7194
vn -0.9978 -0.0000 -0.0665
vn 0.3403 -0.0000 -0.9403
vn -0.3795 -0.8071 0.4522
vn 0.6036 -0.3437 -0.7194
vn 0.3797 0.8069 -0.4525
vn -0.6036 0.3438 0.7193
vn 0.9978 -0.0000 0.0660
vn -0.3403 -0.0000 0.9403
vn 0.3797 -0.8069 -0.4525
vn -0.6036 -0.3438 0.7193
vn -0.2382 -0.0000 -0.9712
vn -0.8670 -0.0000 0.4984
vn 0.5550 0.8069 0.2020
vn -0.8824 0.3438 -0.3212
vn 0.2796 -0.0000 0.9601
vn -1.0000 -0.0000 0.0019
vn 0.5550 -0.8069 0.2020
vn 0.5547 -0.8071 0.2020
vn -0.8824 -0.3438 -0.3212
vn -0.5549 0.8070 -0.2020
vn -0.5551 0.8068 -0.2021
vn -0.2791 -0.0000 -0.9603
vn -0.5549 -0.8070 -0.2020
vn -0.2760 0.5907 0.7582
vn 0.7582 0.5908 0.2759
vn 0.3229 -0.9391 0.1175
vn 0.2760 0.5904 -0.7584
vn -0.7582 0.5907 -0.2760
vn 0.7582 -0.5908 0.2759
vn 0.3229 0.9391 0.1175
vn -0.2760 -0.5907 0.7582
vn -0.7582 -0.5907 -0.2760
vn 0.2760 -0.5904 -0.7584
vn -0.2020 0.8070 0.5549
vn -0.9601 -0.0000 0.2796
vn 0.2019 0.8071 -0.5548
vn 0.9602 -0.0000 -0.2794
vn 0.2019 -0.8071 -0.5548
vn -0.5561 -0.0000 -0.8311
vn -0.2794 -0.0000 0.9602
vn 1.0000 -0.0000 0.0019
vn -0.5552 0.8068 0.2021
vn 0.8824 0.3437 -0.3212
vn -0.8311 -0.0000 -0.5561
vn 0.7649 -0.0000 -0.6442
vn -0.5552 -0.8068 0.2021
vn 0.8824 -0.3437 -0.3212
vn 0.5552 0.8068 -0.2021
vn -0.8825 0.3436 0.3212
vn 0.8309 -0.0000 0.5564
vn -0.7649 -0.0000 0.6442
vn 0.5552 -0.8068 -0.2021
vn -0.8825 -0.3436 0.3212
vn 0.2789 -0.0000 -0.9603
vn -1.0000 -0.0000 -0.0017
vn -0.7582 0.5907 0.2760
vn -0.3231 -0.9390 0.1176
vn 0.2759 0.5909 0.7581
vn 0.1176 -0.9390 0.3231
vn 0.7585 0.5903 -0.2760
vn 0.7585 0.5904 -0.2760
vn 0.3231 -0.9390 -0.1176
vn -0.2759 0.5908 -0.7581
vn -0.1176 -0.9390 -0.3231
vn 0.2759 -0.5909 0.7581
vn 0.1176 0.9390 0.3231
vn -0.7582 -0.5907 0.2760
vn -0.3231 0.9390 0.1176
vn -0.2759 -0.5908 -0.7581
vn -0.1176 0.9390 -0.3231
vn 0.7578 -0.5914 -0.2757
vn 0.3231 0.9390 -0.1176
vn 0.2022 0.8064 0.5557
vn 0.2023 0.8064 0.5558
vn -0.3212 0.3438 -0.8824
vn -0.5560 -0.0000 0.8312
vn -0.6443 -0.0000 -0.7648
vn 0.2019 -0.8071 0.5548
vn 0.2019 -0.8072 0.5547
vn -0.3212 -0.3438 -0.8824
vn 0.9602 -0.0000 0.2794
vn 0.0019 -0.0000 -1.0000
vn -0.9603 -0.0000 -0.2789
vn -0.0017 -0.0000 1.0000
vn -0.2020 0.8069 -0.5551
vn 0.3212 0.3436 0.8825
vn 0.5561 -0.0000 -0.8311
vn 0.6442 -0.0000 0.7649
vn -0.2020 -0.8069 -0.5551
vn 0.3212 -0.3436 0.8825
vn 0.0660 -0.0000 0.9978
vn 0.9403 -0.0000 -0.3403
vn -0.4526 0.8068 0.3798
vn 0.7194 0.3437 -0.6037
vn -0.9711 -0.0000 -0.2387
vn 0.4985 -0.0000 -0.8669
vn -0.4526 -0.8068 0.3798
vn 0.7194 -0.3437 -0.6037
vn 0.4522 0.8071 -0.3795
vn 0.4523 0.8071 -0.3796
vn -0.7194 0.3438 0.6036
vn 0.9711 -0.0000 0.2387
vn -0.4985 -0.0000 0.8669
vn 0.4527 -0.8067 -0.3798
vn -0.7194 -0.3438 0.6036
vn -0.0660 -0.0000 -0.9978
vn -0.9403 -0.0000 0.3403
vn -0.6181 0.5907 0.5187
vn -0.2633 -0.9391 0.2209
vn 0.5186 0.5908 0.6181
vn 0.5188 0.5904 0.6183
vn 0.2209 -0.9391 0.2633
vn 0.6180 0.5909 -0.5186
vn 0.2632 -0.9391 -0.2209
vn -0.5187 0.5906 -0.6181
vn -0.2209 -0.9391 -0.2632
vn 0.5186 -0.5908 0.6181
vn 0.2209 0.9391 0.2633
vn -0.6181 -0.5907 0.5187
vn -0.2633 0.9391 0.2209
vn -0.5187 -0.5906 -0.6181
vn -0.2209 0.9391 -0.2632
vn 0.6180 -0.5909 -0.5186
vn 0.2632 0.9391 -0.2209
vn 0.3800 0.8065 0.4529
vn 0.3799 0.8066 0.4528
vn -0.6036 0.3437 -0.7194
vn -0.2382 -0.0000 0.9712
vn -0.8669 -0.0000 -0.4985
vn 0.3798 -0.8068 0.4526
vn -0.6036 -0.3437 -0.7194
vn 0.9978 -0.0000 -0.0665
vn -0.3403 -0.0000 -0.9403
vn -0.9978 -0.0000 0.0665
vn 0.3403 -0.0000 0.9403
vn -0.3797 0.8069 -0.4525
vn 0.6036 0.3438 0.7194
vn 0.2381 -0.0000 -0.9712
vn 0.8670 -0.0000 0.4984
vn -0.3797 -0.8069 -0.4525
vn 0.6036 -0.3438 0.7194
vn -0.2789 -0.0000 0.9603
vn 1.0000 -0.0000 0.0017
vn -0.5548 0.8071 0.2019
vn 0.8826 0.3433 -0.3212
vn -0.8309 -0.0000 -0.5564
vn 0.7648 -0.0000 -0.6443
vn -0.5548 -0.8071 0.2019
vn 0.5550 0.8070 -0.2020
vn -0.8824 0.3438 0.3212
vn 0.5550 -0.8070 -0.2020
vn -0.8824 -0.3438 0.3212
vn 0.2791 -0.0000 -0.9603
vn -1.0000 -0.0000 -0.0019
vn -0.7584 0.5904 0.2760
vn -0.3229 -0.9391 0.1175
vn 0.2761 0.5904 0.7584
vn 0.1175 -0.9391 0.3229
vn 0.7583 0.5906 -0.2760
vn 0.3229 -0.9391 -0.1175
vn -0.2761 0.5903 -0.7585
vn -0.1175 -0.9391 -0.3230
vn 0.2761 -0.5904 0.7584
vn 0.1175 0.9391 0.3229
vn -0.7584 -0.5904 0.2760
vn -0.3229 0.9391 0.1175
vn -0.2761 -0.5903 -0.7585
vn -0.1176 0.9391 -0.3230
vn 0.7583 -0.5906 -0.2760
vn 0.3229 0.9391 -0.1175
vn 0.2019 0.8071 0.5548
vn -0.5564 -0.0000 0.8309
vn 0.9603 -0.0000 0.2789
vn -0.2019 0.8071 -0.5548
vn 0.3212 0.3437 0.8825
vn -0.2019 -0.8071 -0.5548
vn 0.3212 -0.3437 0.8825
vn 0.5548 0.8071 0.2019
vn 0.5548 -0.8071 0.2019
vn -0.2796 -0.0000 -0.9601
vn -0.5547 -0.8072 -0.2019
vn -0.2761 0.5903 0.7585
vn -0.1175 -0.9391 0.3230
vn 0.7583 0.5906 0.2760
vn 0.2760 0.5905 -0.7584
vn 0.7583 -0.5906 0.2760
vn -0.2761 -0.5903 0.7585
vn -0.1175 0.9391 0.3230
vn 0.2760 -0.5905 -0.7584
vn -0.2019 0.8071 0.5548
vn 0.3212 0.3437 -0.8825
vn -0.9603 -0.0000 0.2789
vn -0.0017 -0.0000 -1.0000
vn -0.2019 -0.8071 0.5548
vn 0.3212 -0.3437 -0.8825
vn -0.7648 -0.0000 -0.6443
vn -0.5551 0.8069 -0.2021
vn -0.5551 -0.8069 -0.2021
vn -0.2759 0.5911 0.7580
vn 0.7581 0.5909 0.2759
vn 0.7579 0.5912 0.2758
vn 0.2760 0.5907 -0.7582
vn 0.1175 -0.9391 -0.3230
vn -0.7579 0.5912 -0.2758
vn -0.7578 0.5913 -0.2758
vn 0.7584 -0.5905 0.2760
vn -0.2759 -0.5911 0.7580
vn -0.7582 -0.5908 -0.2760
vn 0.2760 -0.5907 -0.7582
vn 0.1175 0.9391 -0.3230
vn 0.5564 -0.0000 0.8309
vn -0.2021 0.8067 0.5553
vn -0.2021 -0.8067 0.5553
vn -0.3212 0.3437 0.8824
vn 0.0017 -0.0000 1.0000
vn -0.3212 -0.3437 0.8824
vn -0.2791 -0.0000 0.9603
vn -0.5553 0.8067 0.2021
vn 0.8825 0.3437 -0.3212
vn -0.5553 -0.8067 0.2021
vn 0.8825 -0.3437 -0.3212
vn -0.8824 0.3437 0.3212
vn 0.8311 -0.0000 0.5561
vn -0.8824 -0.3437 0.3212
vn -0.7581 0.5908 0.2759
vn 0.2759 0.5911 0.7579
vn 0.2759 0.5912 0.7579
vn 0.7581 0.5909 -0.2759
vn -0.2760 0.5906 -0.7583
vn 0.2759 -0.5908 0.7581
vn -0.7581 -0.5908 0.2759
vn -0.2760 -0.5906 -0.7583
vn 0.7581 -0.5910 -0.2759
vn 0.2021 0.8068 0.5552
vn -0.3212 0.3436 -0.8825
vn -0.5561 -0.0000 0.8311
vn -0.6442 -0.0000 -0.7649
vn 0.2021 -0.8068 0.5552
vn -0.3212 -0.3436 -0.8825
vn 0.0017 -0.0000 -1.0000
vn -0.0019 -0.0000 1.0000
vn 0.3212 0.3437 0.8824
vn 0.3212 -0.3437 0.8824
vn 0.8824 0.3438 -0.3212
vn 0.8824 -0.3438 -0.3212
vn 0.5548 0.8071 -0.2019
vn -0.8825 0.3437 0.3212
vn 0.5548 -0.8071 -0.2019
vn 0.2792 -0.0000 -0.9602
vn -0.7584 0.5904 0.2761
vn 0.2759 0.5910 0.7580
vn -0.1175 -0.9391 -0.3229
vn 0.2760 -0.5906 0.7583
vn -0.7584 -0.5904 0.2761
vn -0.2759 -0.5910 -0.7580
vn -0.2759 -0.5910 -0.7581
vn -0.1175 0.9391 -0.3229
vn 0.2020 0.8071 0.5549
vn -0.3212 0.3437 -0.8824
vn 0.2020 -0.8071 0.5549
vn -0.3212 -0.3437 -0.8824
vn 0.3212 0.3438 0.8824
vn 0.5564 -0.0000 -0.8309
vn 0.6443 -0.0000 0.7648
vn 0.3212 -0.3438 0.8824
vn 0.4527 0.8067 0.3798
vn -0.7194 0.3438 -0.6036
vn -0.0660 -0.0000 0.9978
vn 0.4527 -0.8067 0.3798
vn -0.7194 -0.3438 -0.6036
vn 0.9712 -0.0000 -0.2382
vn -0.4526 0.8068 -0.3798
vn 0.7194 0.3437 0.6036
vn -0.4526 -0.8068 -0.3798
vn 0.7194 -0.3437 0.6036
vn -0.5186 0.5908 0.6181
vn -0.2210 -0.9390 0.2634
vn 0.6180 0.5909 0.5186
vn 0.2634 -0.9390 0.2210
vn 0.5186 0.5909 -0.6180
vn 0.2210 -0.9390 -0.2634
vn -0.6181 0.5907 -0.5186
vn -0.2634 -0.9390 -0.2210
vn 0.6180 -0.5909 0.5186
vn 0.2634 0.9390 0.2210
vn -0.2210 0.9390 0.2634
vn -0.6181 -0.5907 -0.5186
vn -0.2634 0.9390 -0.2210
vn 0.5186 -0.5909 -0.6180
vn 0.2210 0.9390 -0.2634
vn 0.2382 -0.0000 0.9712
vn 0.8670 -0.0000 -0.4984
vn -0.3796 0.8070 0.4524
vn -0.3798 0.8068 0.4526
vn -0.3798 -0.8068 0.4526
vn 0.3798 0.8067 -0.4527
vn -0.6036 0.3438 0.7194
vn 0.3798 -0.8067 -0.4527
vn -0.6036 -0.3438 0.7194
vn 0.3056 0.8732 0.3797
vn -0.7681 0.2137 -0.6036
vn -0.0650 -0.0115 0.9978
vn -0.9261 -0.1633 -0.3402
vn 0.5859 -0.7158 0.3799
vn -0.6487 -0.4635 -0.6036
vn 0.9565 0.1686 -0.2382
vn -0.4908 -0.0865 -0.8670
vn -0.9564 -0.1686 0.2387
vn 0.4909 0.0866 0.8669
vn -0.5856 0.7163 -0.3795
vn 0.6488 0.4634 0.6036
vn 0.0655 0.0116 -0.9978
vn 0.9260 0.1633 0.3404
vn -0.3055 -0.8732 -0.3797
vn 0.7681 -0.2135 0.6036
vn -0.6132 0.4922 0.6179
vn -0.6133 0.4920 0.6179
vn -0.0545 -0.9632 0.2633
vn 0.5061 0.6891 0.5186
vn 0.4223 -0.8791 0.2209
vn 0.4083 0.6717 -0.6182
vn 0.3806 -0.8865 -0.2633
vn -0.7113 0.4743 -0.5187
vn -0.0963 -0.9705 -0.2210
vn 0.7113 -0.4745 0.5186
vn 0.0962 0.9705 0.2209
vn -0.4083 -0.6717 0.6182
vn -0.3807 0.8864 0.2633
vn -0.5062 -0.6890 -0.5187
vn -0.4224 0.8791 -0.2210
vn 0.6133 -0.4917 -0.6181
vn 0.0545 0.9632 -0.2633
vn 0.2346 0.0414 0.9712
vn 0.8538 0.1506 -0.4983
vn -0.5141 0.7287 0.4525
vn 0.5347 0.4434 -0.7193
vn -0.9827 -0.1733 -0.0661
vn 0.3351 0.0591 -0.9403
vn -0.2339 -0.8605 0.4525
vn 0.6541 -0.2337 -0.7194
vn 0.2337 0.8606 -0.4524
vn -0.6541 0.2337 0.7194
vn 0.9827 0.1733 0.0661
vn -0.3351 -0.0591 0.9403
vn 0.5143 -0.7282 -0.4529
vn 0.5143 -0.7282 -0.4530
vn -0.5348 -0.4433 0.7194
vn -0.2350 -0.0414 -0.9711
vn -0.8537 -0.1505 0.4985
vn -0.4520 0.8074 0.3793
vn 0.7194 0.3438 -0.6036
vn -0.4524 -0.8070 0.3796
vn 0.7194 -0.3438 -0.6036
vn 0.4519 0.8074 -0.3793
vn 0.4519 0.8075 -0.3792
vn -0.7193 0.3438 0.6036
vn 0.9711 -0.0000 0.2386
vn 0.4525 -0.8069 -0.3797
vn -0.7193 -0.3438 0.6036
vn -0.6181 0.5908 0.5186
vn -0.2632 -0.9391 0.2209
vn 0.5187 0.5905 0.6182
vn 0.2209 -0.9391 0.2632
vn 0.6183 0.5904 -0.5188
vn 0.2633 -0.9391 -0.2209
vn -0.5188 0.5904 -0.6183
vn -0.2209 -0.9391 -0.2633
vn 0.5187 -0.5905 0.6182
vn 0.2209 0.9391 0.2632
vn -0.6181 -0.5908 0.5186
vn -0.2632 0.9391 0.2209
vn -0.5188 -0.5904 -0.6183
vn -0.2209 0.9391 -0.2633
vn 0.6183 -0.5904 -0.5188
vn 0.6184 -0.5901 -0.5189
vn 0.2633 0.9391 -0.2209
vn 0.3796 0.8071 0.4523
vn -0.6036 0.3438 -0.7194
vn -0.2381 -0.0000 0.9712
vn -0.8670 -0.0000 -0.4984
vn 0.3796 -0.8071 0.4523
vn -0.6036 -0.3438 -0.7194
vn 0.9978 -0.0000 -0.0666
vn -0.9978 -0.0000 0.0660
vn -0.3792 0.8074 -0.4519
vn -0.3795 0.8071 -0.4522
vn 0.2386 -0.0000 -0.9711
vn 0.8669 -0.0000 0.4985
vn -0.3795 -0.8071 -0.4522
vn 0.5805 0.8071 0.1076
vn -0.9233 0.3437 -0.1711
vn 0.4333 -0.0000 0.9013
vn -0.9860 -0.0000 0.1667
vn 0.5805 -0.8071 0.1076
vn -0.9233 -0.3437 -0.1711
vn 0.7278 -0.0000 -0.6858
vn -0.8607 -0.0000 -0.5092
vn -0.7278 -0.0000 0.6858
vn 0.8607 -0.0000 0.5092
vn -0.5805 0.8071 -0.1076
vn 0.9234 0.3437 0.1711
vn -0.4338 -0.0000 -0.9010
vn 0.9860 -0.0000 -0.1667
vn -0.5805 -0.8071 -0.1076
vn 0.9234 -0.3437 0.1711
vn -0.1471 0.5904 0.7936
vn -0.0626 -0.9391 0.3379
vn 0.7936 0.5903 0.1471
vn 0.3379 -0.9391 0.0626
vn 0.1470 0.5907 -0.7934
vn 0.0626 -0.9391 -0.3379
vn -0.7936 0.5904 -0.1470
vn -0.3379 -0.9391 -0.0626
vn 0.7937 -0.5903 0.1471
vn 0.3379 0.9391 0.0626
vn -0.1471 -0.5904 0.7936
vn -0.0626 0.9391 0.3379
vn -0.7936 -0.5904 -0.1470
vn -0.3379 0.9391 -0.0626
vn 0.1470 -0.5907 -0.7934
vn 0.0626 0.9391 -0.3379
vn 0.6858 -0.0000 0.7278
vn 0.5092 -0.0000 -0.8607
vn -0.1076 0.8071 0.5805
vn 0.1711 0.3437 -0.9234
vn -0.9012 -0.0000 0.4333
vn -0.1667 -0.0000 -0.9860
vn -0.1076 -0.8071 0.5805
vn 0.1711 -0.3437 -0.9234
vn 0.1076 0.8070 -0.5806
vn -0.1711 0.3437 0.9233
vn 0.9009 -0.0000 -0.4340
vn 0.1669 -0.0000 0.9860
vn 0.1076 -0.8070 -0.5806
vn -0.1711 -0.3437 0.9233
vn -0.6858 -0.0000 -0.7278
vn -0.5090 -0.0000 0.8608
vn 0.5238 0.8071 -0.2727
vn -0.8329 0.3438 0.4336
vn 0.8963 -0.0000 0.4434
vn -0.6742 -0.0000 0.7385
vn 0.5237 -0.8071 -0.2727
vn -0.8329 -0.3438 0.4336
vn 0.1515 -0.0000 -0.9885
vn -0.9917 -0.0000 0.1286
vn -0.1510 -0.0000 0.9885
vn 0.9917 -0.0000 -0.1288
vn -0.5238 0.8071 0.2726
vn 0.8330 0.3436 -0.4336
vn -0.8967 -0.0000 -0.4427
vn 0.6744 -0.0000 -0.7384
vn -0.5237 -0.8071 0.2726
vn 0.8330 -0.3436 -0.4336
vn 0.3727 0.5904 0.7159
vn 0.1587 -0.9391 0.3048
vn 0.7159 0.5905 -0.3727
vn 0.3048 -0.9391 -0.1587
vn -0.3727 0.5905 -0.7159
vn -0.1587 -0.9391 -0.3048
vn -0.7158 0.5906 0.3726
vn -0.3048 -0.9391 0.1587
vn 0.7159 -0.5905 -0.3727
vn 0.3048 0.9391 -0.1587
vn 0.3727 -0.5904 0.7159
vn 0.1587 0.9391 0.3048
vn -0.7158 -0.5906 0.3726
vn -0.3048 0.9391 0.1587
vn -0.3727 -0.5905 -0.7159
vn -0.1587 0.9391 -0.3048
vn 0.9885 -0.0000 0.1514
vn -0.1288 -0.0000 -0.9917
vn 0.2726 0.8072 0.5236
vn -0.4336 0.3438 -0.8330
vn -0.4432 -0.0000 0.8964
vn -0.7385 -0.0000 -0.6742
vn 0.2726 -0.8072 0.5236
vn -0.4336 -0.3437 -0.8330
vn -0.2727 0.8070 -0.5238
vn 0.4336 0.3437 0.8330
vn 0.4427 -0.0000 -0.8967
vn 0.7384 -0.0000 0.6744
vn -0.2727 -0.8070 -0.5238
vn 0.4336 -0.3437 0.8330
vn -0.9885 -0.0000 -0.1515
vn 0.1286 -0.0000 0.9917
vn 0.8963 -0.0000 -0.4434
vn -0.6742 -0.0000 -0.7385
vn 0.5237 0.8071 0.2727
vn -0.8329 0.3438 -0.4336
vn 0.1515 -0.0000 0.9885
vn -0.9917 -0.0000 -0.1286
vn 0.5238 -0.8071 0.2727
vn -0.8329 -0.3438 -0.4336
vn -0.5238 0.8070 -0.2727
vn 0.8330 0.3437 0.4336
vn -0.1515 -0.0000 -0.9885
vn 0.9917 -0.0000 0.1288
vn -0.5238 -0.8070 -0.2727
vn 0.8330 -0.3437 0.4336
vn -0.8967 -0.0000 0.4427
vn 0.6744 -0.0000 0.7384
vn 0.7159 0.5905 0.3727
vn 0.3048 -0.9391 0.1587
vn 0.3727 0.5904 -0.7159
vn 0.1587 -0.9391 -0.3048
vn -0.7158 0.5906 -0.3726
vn -0.3048 -0.9391 -0.1587
vn -0.3727 0.5905 0.7159
vn -0.1587 -0.9391 0.3048
vn 0.3727 -0.5904 -0.7159
vn 0.1587 0.9391 -0.3048
vn 0.7159 -0.5905 0.3727
vn 0.3048 0.9391 0.1587
vn -0.3727 -0.5905 0.7159
vn -0.1587 0.9391 0.3048
vn -0.7153 -0.5912 -0.3725
vn -0.7154 -0.5911 -0.3725
vn -0.3048 0.9391 -0.1587
vn 0.2726 0.8071 -0.5237
vn -0.4336 0.3438 0.8329
vn 0.9885 -0.0000 -0.1515
vn -0.1286 -0.0000 0.9917
vn 0.2724 -0.8075 -0.5232
vn 0.2723 -0.8076 -0.5231
vn -0.4336 -0.3438 0.8329
vn -0.4432 -0.0000 -0.8964
vn -0.7385 -0.0000 0.6742
vn 0.4427 -0.0000 0.8967
vn 0.7385 -0.0000 -0.6742
vn -0.2727 0.8070 0.5238
vn 0.4336 0.3438 -0.8329
vn -0.9885 -0.0000 0.1515
vn 0.1286 -0.0000 -0.9917
vn -0.2727 -0.8070 0.5238
vn 0.4336 -0.3438 -0.8329
vt 0.046875 0.984375
vt 0.015625 0.984375
vt 0.015625 0.953125
vt 0.046875 0.953125
vt 0.109375 0.984375
vt 0.078125 0.984375
vt 0.078125 0.953125
vt 0.109375 0.953125
vt 0.171875 0.984375
vt 0.140625 0.984375
vt 0.140625 0.953125
vt 0.171875 0.953125
vt 0.234375 0.984375
vt 0.203125 0.984375
vt 0.203125 0.953125
vt 0.234375 0.953125
vt 0.296875 0.984375
vt 0.265625 0.984375
vt 0.265625 0.953125
vt 0.296875 0.953125
vt 0.359375 0.984375
vt 0.328125 0.984375
vt 0.328125 0.953125
vt 0.359375 0.953125
s 1
usemtl none.001
f 1/1/1 4/1/1 3/2/1 2/2/1
f 2/2/2 6/2/2 5/1/2 1/1/2
f 2/2/3 3/2/3 8/3/3 7/3/3
f 7/3/4 9/3/4 6/2/4 2/2/4
f 7/3/5 8/3/5 11/4/5 10/4/5
f 10/4/6 12/4/6 9/3/6 7/3/6
f 10/4/7 11/4/7 4/1/7 1/1/7
f 1/1/8 5/1/8 12/4/9 10/4/8
f 13/5/10 16/5/10 15/6/10 14/6/10
f 14/6/11 18/6/11 17/5/11 13/5/11
f 14/6/12 15/6/12 20/7/12 19/7/12
f 19/7/13 21/7/13 18/6/13 14/6/13
f 19/7/14 20/7/14 23/8/14 22/8/14
f 22/8/15 24/8/15 21/7/15 19/7/15
f 22/8/16 23/8/16 16/5/16 13/5/16
f 13/5/17 17/5/17 24/8/17 22/8/17
f 25/9/18 15/9/18 3/10/18 26/10/18
f 26/10/19 6/10/19 18/9/19 25/9/19
f 26/10/20 3/10/20 4/11/20 27/11/20
f 27/11/21 5/11/21 6/10/21 26/10/21
f 27/11/22 4/11/22 20/12/22 28/12/22
f 28/12/23 21/12/23 5/11/23 27/11/23
f 28/12/24 20/12/24 15/9/24 25/9/24
f 25/9/25 18/9/25 21/12/25 28/12/25
f 29/13/26 11/13/26 8/14/26 30/14/26
f 30/14/27 9/14/27 12/13/27 29/13/27
f 30/14/28 8/14/28 16/15/28 31/15/28
f 31/15/29 17/15/29 9/14/29 30/14/29
f 31/15/30 16/15/30 23/16/30 32/16/30
f 32/16/31 24/16/31 17/15/31 31/15/31
f 32/16/32 23/16/32 11/13/32 29/13/32
f 29/13/33 12/13/33 24/16/33 32/16/33
f 33/17/34 8/17/34 3/18/34 34/18/34
f 34/18/35 6/18/35 9/17/35 33/17/35
f 34/18/36 3/18/36 15/19/36 35/19/36
f 35/19/37 18/19/37 6/18/37 34/18/37
f 35/19/38 15/19/38 16/20/38 36/20/38
f 36/20/39 17/20/39 18/19/39 35/19/39
f 36/20/40 16/20/40 8/17/40 33/17/40
f 33/17/41 9/17/41 17/20/41 36/20/41
f 37/21/42 20/21/42 4/22/42 38/22/42
f 38/22/43 5/22/43 21/21/43 37/21/43
f 38/22/44 4/22/44 11/23/44 39/23/44
f 39/23/45 12/23/45 5/22/45 38/22/45
f 39/23/46 11/23/46 23/24/46 40/24/46
f 40/24/47 24/24/47 12/23/47 39/23/47
f 40/24/48 23/24/48 20/21/48 37/21/48
f 37/21/49 21/21/49 24/24/49 40/24/49
f 41/1/50 44/1/50 43/2/50 42/2/50
f 42/2/51 46/2/51 45/1/51 41/1/51
f 42/2/52 43/2/52 48/3/52 47/3/52
f 47/3/53 49/3/53 46/2/53 42/2/53
f 47/3/54 48/3/54 51/4/54 50/4/54
f 50/4/55 52/4/55 49/3/55 47/3/55
f 50/4/56 51/4/56 44/1/56 41/1/56
f 41/1/57 45/1/57 52/4/57 50/4/57
f 53/5/58 56/5/58 55/6/58 54/6/58
f 54/6/59 58/6/59 57/5/59 53/5/59
f 54/6/60 55/6/60 60/7/60 59/7/60
f 59/7/61 61/7/61 58/6/61 54/6/61
f 59/7/62 60/7/62 63/8/62 62/8/62
f 62/8/63 64/8/63 61/7/63 59/7/63
f 62/8/64 63/8/64 56/5/64 53/5/64
f 53/5/65 57/5/65 64/8/65 62/8/65
f 65/9/66 55/9/66 43/10/66 66/10/66
f 66/10/67 46/10/67 58/9/67 65/9/67
f 66/10/68 43/10/68 44/11/68 67/11/68
f 67/11/69 45/11/69 46/10/69 66/10/69
f 67/11/70 44/11/70 60/12/70 68/12/70
f 68/12/71 61/12/71 45/11/71 67/11/71
f 68/12/72 60/12/72 55/9/72 65/9/72
f 65/9/73 58/9/73 61/12/73 68/12/73
f 69/13/74 51/13/74 48/14/74 70/14/74
f 70/14/75 49/14/75 52/13/75 69/13/75
f 70/14/76 48/14/76 56/15/76 71/15/76
f 71/15/77 57/15/77 49/14/77 70/14/77
f 71/15/78 56/15/78 63/16/78 72/16/78
f 72/16/79 64/16/79 57/15/79 71/15/79
f 72/16/80 63/16/80 51/13/80 69/13/80
f 69/13/81 52/13/81 64/16/81 72/16/81
f 73/17/82 48/17/82 43/18/82 74/18/82
f 74/18/83 46/18/83 49/17/83 73/17/83
f 74/18/84 43/18/84 55/19/84 75/19/84
f 75/19/85 58/19/85 46/18/85 74/18/85
f 75/19/86 55/19/86 56/20/86 76/20/86
f 76/20/87 57/20/87 58/19/87 75/19/87
f 76/20/88 56/20/88 48/17/88 73/17/88
f 73/17/89 49/17/89 57/20/89 76/20/89
f 77/21/90 60/21/90 44/22/90 78/22/90
f 78/22/91 45/22/91 61/21/91 77/21/91
f 78/22/92 44/22/92 51/23/92 79/23/92
f 79/23/93 52/23/93 45/22/93 78/22/93
f 79/23/94 51/23/94 63/24/94 80/24/94
f 80/24/95 64/24/95 52/23/95 79/23/95
f 80/24/96 63/24/96 60/21/96 77/21/96
f 77/21/97 61/21/97 64/24/97 80/24/97
f 81/3/98 84/3/98 83/2/98 82/2/98
f 82/2/99 86/2/99 85/3/99 81/3/99
f 82/2/100 83/2/100 88/1/100 87/1/100
f 87/1/101 89/1/101 86/2/101 82/2/101
f 87/1/102 88/1/102 91/4/102 90/4/102
f 90/4/103 92/4/103 89/1/103 87/1/103
f 90/4/104 91/4/104 84/3/104 81/3/104
f 81/3/105 85/3/105 92/4/105 90/4/105
f 93/7/106 96/7/106 95/6/106 94/6/106
f 94/6/107 98/6/107 97/7/107 93/7/107
f 94/6/108 95/6/108 100/5/108 99/5/108
f 99/5/109 101/5/109 98/6/109 94/6/109
f 99/5/110 100/5/110 103/8/110 102/8/110
f 102/8/111 104/8/111 101/5/111 99/5/111
f 102/8/112 103/8/112 96/7/112 93/7/112
f 93/7/113 97/7/113 104/8/113 102/8/113
f 105/11/114 88/11/114 83/10/114 106/10/114
f 106/10/115 86/10/115 89/11/115 105/11/115
f 106/10/116 83/10/116 95/9/116 107/9/116
f 107/9/117 98/9/117 86/10/117 106/10/117
f 107/9/118 95/9/118 96/12/118 108/12/118
f 108/12/119 97/12/119 98/9/119 107/9/119
f 108/12/120 96/12/120 88/11/120 105/11/120
f 105/11/121 89/11/121 97/12/121 108/12/121
f 109/15/122 100/15/123 84/14/122 110/14/123
f 110/14/124 85/14/124 101/15/124 109/15/124
f 110/14/125 84/14/125 91/13/125 111/13/125
f 111/13/126 92/13/126 85/14/126 110/14/126
f 111/13/127 91/13/127 103/16/127 112/16/127
f 112/16/128 104/16/128 92/13/128 111/13/128
f 112/16/129 103/16/129 100/15/129 109/15/129
f 109/15/130 101/15/130 104/16/130 112/16/130
f 113/19/131 95/19/131 83/18/131 114/18/131
f 114/18/132 86/18/132 98/19/132 113/19/132
f 114/18/133 83/18/133 84/17/133 115/17/133
f 115/17/134 85/17/134 86/18/134 114/18/134
f 115/17/135 84/17/135 100/20/135 116/20/135
f 116/20/136 101/20/136 85/17/136 115/17/136
f 116/20/137 100/20/137 95/19/137 113/19/137
f 113/19/138 98/19/138 101/20/138 116/20/138
f 117/23/139 91/23/139 88/22/139 118/22/139
f 118/22/140 89/22/140 92/23/140 117/23/140
f 118/22/141 88/22/141 96/21/141 119/21/141
f 119/21/142 97/21/142 89/22/142 118/22/142
f 119/21/143 96/21/143 103/24/143 120/24/143
f 120/24/144 104/24/144 97/21/144 119/21/144
f 120/24/145 103/24/145 91/23/145 117/23/145
f 117/23/146 92/23/146 104/24/146 120/24/146
f 121/3/147 124/3/147 123/2/147 122/2/147
f 122/2/148 126/2/148 125/3/148 121/3/148
f 122/2/149 123/2/149 128/1/150 127/1/149
f 127/1/151 129/1/151 126/2/151 122/2/151
f 127/1/152 128/1/152 131/4/152 130/4/152
f 130/4/153 132/4/153 129/1/153 127/1/153
f 130/4/154 131/4/154 124/3/154 121/3/154
f 121/3/155 125/3/155 132/4/155 130/4/155
f 133/7/156 136/7/156 135/6/156 134/6/156
f 134/6/157 138/6/157 137/7/157 133/7/157
f 134/6/158 135/6/158 140/5/158 139/5/158
f 139/5/159 141/5/159 138/6/159 134/6/159
f 139/5/160 140/5/160 143/8/160 142/8/160
f 142/8/161 144/8/161 141/5/161 139/5/161
f 142/8/162 143/8/162 136/7/162 133/7/162
f 133/7/163 137/7/163 144/8/163 142/8/163
f 145/11/164 128/11/164 123/10/164 146/10/164
f 146/10/165 126/10/165 129/11/165 145/11/165
f 146/10/166 123/10/166 135/9/166 147/9/166
f 147/9/167 138/9/167 126/10/167 146/10/167
f 147/9/168 135/9/168 136/12/168 148/12/168
f 148/12/169 137/12/169 138/9/169 147/9/169
f 148/12/170 136/12/170 128/11/170 145/11/170
f 145/11/171 129/11/171 137/12/171 148/12/171
f 149/15/172 140/15/172 124/14/172 150/14/172
f 150/14/173 125/14/173 141/15/173 149/15/173
f 150/14/174 124/14/174 131/13/174 151/13/174
f 151/13/175 132/13/175 125/14/175 150/14/175
f 151/13/176 131/13/176 143/16/176 152/16/176
f 152/16/177 144/16/177 132/13/177 151/13/177
f 152/16/178 143/16/178 140/15/178 149/15/178
f 149/15/179 141/15/179 144/16/179 152/16/179
f 153/19/180 135/19/180 123/18/180 154/18/180
f 154/18/181 126/18/181 138/19/181 153/19/181
f 154/18/182 123/18/182 124/17/182 155/17/183
f 155/17/184 125/17/184 126/18/184 154/18/184
f 155/17/185 124/17/185 140/20/185 156/20/185
f 156/20/186 141/20/186 125/17/186 155/17/186
f 156/20/187 140/20/187 135/19/187 153/19/187
f 153/19/188 138/19/188 141/20/188 156/20/188
f 157/23/189 131/23/189 128/22/189 158/22/189
f 158/22/190 129/22/190 132/23/190 157/23/190
f 158/22/191 128/22/191 136/21/192 159/21/191
f 159/21/193 137/21/193 129/22/193 158/22/193
f 159/21/194 136/21/194 143/24/194 160/24/194
f 160/24/195 144/24/195 137/21/195 159/21/195
f 160/24/196 143/24/196 131/23/196 157/23/196
f 157/23/197 132/23/197 144/24/197 160/24/197
f 161/3/198 164/3/198 163/2/198 162/2/198
f 162/2/199 166/2/199 165/3/199 161/3/199
f 162/2/200 163/2/200 168/1/200 167/1/200
f 167/1/201 169/1/201 166/2/201 162/2/201
f 167/1/202 168/1/202 171/4/202 170/4/202
f 170/4/203 172/4/203 169/1/203 167/1/203
f 170/4/204 171/4/204 164/3/204 161/3/204
f 161/3/205 165/3/205 172/4/205 170/4/205
f 173/7/206 176/7/206 175/6/206 174/6/206
f 174/6/207 178/6/207 177/7/207 173/7/207
f 174/6/208 175/6/208 180/5/208 179/5/208
f 179/5/209 181/5/209 178/6/209 174/6/209
f 179/5/210 180/5/210 183/8/210 182/8/210
f 182/8/211 184/8/211 181/5/211 179/5/211
f 182/8/212 183/8/212 176/7/212 173/7/212
f 173/7/213 177/7/213 184/8/213 182/8/213
f 185/11/214 168/11/214 163/10/214 186/10/214
f 186/10/215 166/10/215 169/11/215 185/11/215
f 186/10/216 163/10/216 175/9/216 187/9/216
f 187/9/217 178/9/217 166/10/217 186/10/217
f 187/9/218 175/9/218 176/12/218 188/12/218
f 188/12/219 177/12/219 178/9/219 187/9/219
f 188/12/220 176/12/220 168/11/220 185/11/220
f 185/11/221 169/11/221 177/12/221 188/12/221
f 189/15/222 180/15/222 164/14/222 190/14/222
f 190/14/223 165/14/223 181/15/223 189/15/223
f 190/14/224 164/14/225 171/13/224 191/13/226
f 191/13/227 172/13/227 165/14/227 190/14/227
f 191/13/228 171/13/228 183/16/228 192/16/228
f 192/16/229 184/16/229 172/13/229 191/13/229
f 192/16/230 183/16/230 180/15/230 189/15/230
f 189/15/231 181/15/231 184/16/231 192/16/231
f 193/19/232 175/19/232 163/18/232 194/18/232
f 194/18/233 166/18/233 178/19/233 193/19/233
f 194/18/234 163/18/234 164/17/234 195/17/234
f 195/17/235 165/17/235 166/18/235 194/18/235
f 195/17/236 164/17/236 180/20/236 196/20/236
f 196/20/237 181/20/237 165/17/237 195/17/237
f 196/20/238 180/20/238 175/19/238 193/19/238
f 193/19/239 178/19/239 181/20/239 196/20/239
f 197/23/240 171/23/240 168/22/240 198/22/240
f 198/22/241 169/22/241 172/23/241 197/23/241
f 198/22/242 168/22/242 176/21/242 199/21/242
f 199/21/243 177/21/243 169/22/243 198/22/243
f 199/21/244 176/21/244 183/24/244 200/24/244
f 200/24/245 184/24/245 177/21/245 199/21/245
f 200/24/246 183/24/246 171/23/246 197/23/246
f 197/23/247 172/23/247 184/24/247 200/24/247
f 201/1/248 204/1/248 203/2/248 202/2/248
f 202/2/249 206/2/249 205/1/249 201/1/249
f 202/2/250 203/2/250 208/3/250 207/3/250
f 207/3/251 209/3/251 206/2/251 202/2/251
f 207/3/252 208/3/252 211/4/252 210/4/252
f 210/4/253 212/4/253 209/3/253 207/3/253
f 210/4/254 211/4/254 204/1/254 201/1/254
f 201/1/255 205/1/255 212/4/255 210/4/255
f 213/5/256 216/5/256 215/6/256 214/6/256
f 214/6/257 218/6/257 217/5/257 213/5/257
f 214/6/258 215/6/258 220/7/258 219/7/258
f 219/7/259 221/7/259 218/6/259 214/6/259
f 219/7/260 220/7/260 223/8/260 222/8/260
f 222/8/261 224/8/261 221/7/261 219/7/261
f 222/8/262 223/8/262 216/5/262 213/5/262
f 213/5/263 217/5/263 224/8/263 222/8/263
f 225/9/264 215/9/264 203/10/264 226/10/264
f 226/10/265 206/10/265 218/9/265 225/9/265
f 226/10/266 203/10/266 204/11/266 227/11/266
f 227/11/267 205/11/267 206/10/267 226/10/267
f 227/11/268 204/11/269 220/12/268 228/12/268
f 228/12/270 221/12/270 205/11/270 227/11/270
f 228/12/271 220/12/271 215/9/271 225/9/271
f 225/9/272 218/9/272 221/12/272 228/12/272
f 229/13/273 211/13/273 208/14/273 230/14/273
f 230/14/274 209/14/274 212/13/274 229/13/274
f 230/14/275 208/14/276 216/15/275 231/15/276
f 231/15/277 217/15/277 209/14/277 230/14/277
f 231/15/278 216/15/278 223/16/278 232/16/278
f 232/16/279 224/16/279 217/15/279 231/15/279
f 232/16/280 223/16/280 211/13/280 229/13/280
f 229/13/281 212/13/281 224/16/281 232/16/281
f 233/17/282 208/17/282 203/18/282 234/18/282
f 234/18/283 206/18/283 209/17/283 233/17/283
f 234/18/284 203/18/284 215/19/284 235/19/284
f 235/19/285 218/19/285 206/18/285 234/18/285
f 235/19/286 215/19/286 216/20/286 236/20/286
f 236/20/287 217/20/287 218/19/287 235/19/287
f 236/20/288 216/20/288 208/17/288 233/17/288
f 233/17/289 209/17/289 217/20/289 236/20/289
f 237/21/290 220/21/291 204/22/291 238/22/290
f 238/22/292 205/22/292 221/21/292 237/21/292
f 238/22/293 204/22/293 211/23/293 239/23/293
f 239/23/294 212/23/294 205/22/294 238/22/294
f 239/23/295 211/23/295 223/24/295 240/24/295
f 240/24/296 224/24/296 212/23/296 239/23/296
f 240/24/297 223/24/297 220/21/297 237/21/297
f 237/21/298 221/21/298 224/24/298 240/24/298
f 241/1/299 244/1/299 243/2/299 242/2/299
f 242/2/300 246/2/300 245/1/300 241/1/300
f 242/2/301 243/2/301 248/3/301 247/3/301
f 247/3/302 249/3/302 246/2/302 242/2/302
f 247/3/303 248/3/303 251/4/303 250/4/303
f 250/4/304 252/4/304 249/3/304 247/3/304
f 250/4/305 251/4/305 244/1/305 241/1/305
f 241/1/306 245/1/306 252/4/306 250/4/306
f 253/5/307 256/5/307 255/6/307 254/6/307
f 254/6/308 258/6/308 257/5/308 253/5/308
f 254/6/309 255/6/309 260/7/309 259/7/309
f 259/7/310 261/7/310 258/6/310 254/6/310
f 259/7/311 260/7/311 263/8/311 262/8/311
f 262/8/312 264/8/312 261/7/312 259/7/312
f 262/8/313 263/8/313 256/5/313 253/5/313
f 253/5/314 257/5/314 264/8/314 262/8/314
f 265/9/315 255/9/315 243/10/315 266/10/315
f 266/10/316 246/10/316 258/9/316 265/9/316
f 266/10/317 243/10/317 244/11/317 267/11/317
f 267/11/318 245/11/318 246/10/318 266/10/318
f 267/11/319 244/11/319 260/12/319 268/12/319
f 268/12/320 261/12/320 245/11/320 267/11/320
f 268/12/321 260/12/321 255/9/321 265/9/321
f 265/9/322 258/9/322 261/12/322 268/12/322
f 269/13/323 251/13/323 248/14/323 270/14/323
f 270/14/324 249/14/324 252/13/324 269/13/324
f 270/14/325 248/14/325 256/15/325 271/15/325
f 271/15/326 257/15/326 249/14/326 270/14/326
f 271/15/327 256/15/327 263/16/327 272/16/327
f 272/16/328 264/16/328 257/15/328 271/15/328
f 272/16/329 263/16/329 251/13/329 269/13/329
f 269/13/330 252/13/330 264/16/330 272/16/330
f 273/17/331 248/17/332 243/18/331 274/18/333
f 274/18/334 246/18/334 249/17/334 273/17/334
f 274/18/335 243/18/335 255/19/335 275/19/335
f 275/19/336 258/19/336 246/18/336 274/18/336
f 275/19/337 255/19/337 256/20/337 276/20/337
f 276/20/338 257/20/338 258/19/338 275/19/338
f 276/20/339 256/20/339 248/17/339 273/17/339
f 273/17/340 249/17/340 257/20/340 276/20/340
f 277/21/341 260/21/341 244/22/341 278/22/341
f 278/22/342 245/22/342 261/21/342 277/21/342
f 278/22/343 244/22/343 251/23/343 279/23/343
f 279/23/344 252/23/344 245/22/344 278/22/344
f 279/23/345 251/23/345 263/24/345 280/24/345
f 280/24/346 264/24/346 252/23/346 279/23/346
f 280/24/347 263/24/347 260/21/347 277/21/347
f 277/21/348 261/21/348 264/24/348 280/24/348
f 281/1/349 284/1/349 283/2/349 282/2/349
f 282/2/350 286/2/350 285/1/350 281/1/350
f 282/2/351 283/2/351 288/3/351 287/3/351
f 287/3/352 289/3/352 286/2/352 282/2/352
f 287/3/353 288/3/353 291/4/353 290/4/353
f 290/4/354 292/4/354 289/3/354 287/3/354
f 290/4/355 291/4/355 284/1/355 281/1/355
f 281/1/356 285/1/356 292/4/356 290/4/356
f 293/5/357 296/5/357 295/6/357 294/6/357
f 294/6/358 298/6/358 297/5/358 293/5/358
f 294/6/359 295/6/359 300/7/359 299/7/359
f 299/7/360 301/7/360 298/6/360 294/6/360
f 299/7/361 300/7/361 303/8/361 302/8/361
f 302/8/362 304/8/362 301/7/362 299/7/362
f 302/8/363 303/8/363 296/5/363 293/5/363
f 293/5/364 297/5/364 304/8/364 302/8/364
f 305/9/365 295/9/365 283/10/365 306/10/365
f 306/10/366 286/10/366 298/9/366 305/9/366
f 306/10/367 283/10/367 284/11/367 307/11/367
f 307/11/368 285/11/368 286/10/368 306/10/368
f 307/11/369 284/11/369 300/12/369 308/12/369
f 308/12/370 301/12/370 285/11/370 307/11/370
f 308/12/371 300/12/371 295/9/371 305/9/371
f 305/9/372 298/9/372 301/12/372 308/12/372
f 309/13/373 291/13/373 288/14/373 310/14/373
f 310/14/374 289/14/374 292/13/374 309/13/374
f 310/14/375 288/14/375 296/15/375 311/15/375
f 311/15/376 297/15/376 289/14/376 310/14/376
f 311/15/377 296/15/377 303/16/377 312/16/377
f 312/16/378 304/16/378 297/15/378 311/15/378
f 312/16/379 303/16/379 291/13/379 309/13/379
f 309/13/380 292/13/380 304/16/380 312/16/380
f 313/17/381 288/17/381 283/18/381 314/18/381
f 314/18/382 286/18/382 289/17/382 313/17/382
f 314/18/383 283/18/383 295/19/383 315/19/383
f 315/19/384 298/19/384 286/18/384 314/18/384
f 315/19/385 295/19/385 296/20/385 316/20/385
f 316/20/386 297/20/386 298/19/386 315/19/386
f 316/20/387 296/20/387 288/17/387 313/17/387
f 313/17/388 289/17/388 297/20/388 316/20/388
f 317/21/389 300/21/389 284/22/389 318/22/389
f 318/22/390 285/22/390 301/21/390 317/21/390
f 318/22/391 284/22/391 291/23/391 319/23/391
f 319/23/392 292/23/392 285/22/392 318/22/392
f 319/23/393 291/23/393 303/24/393 320/24/393
f 320/24/394 304/24/394 292/23/394 319/23/394
f 320/24/395 303/24/395 300/21/395 317/21/395
f 317/21/396 301/21/396 304/24/396 320/24/396
f 321/1/397 324/1/397 323/2/397 322/2/397
f 322/2/398 326/2/398 325/1/398 321/1/398
f 322/2/399 323/2/399 328/3/399 327/3/399
f 327/3/400 329/3/400 326/2/400 322/2/400
f 327/3/401 328/3/401 331/4/401 330/4/401
f 330/4/402 332/4/402 329/3/402 327/3/402
f 330/4/403 331/4/403 324/1/403 321/1/403
f 321/1/404 325/1/404 332/4/404 330/4/404
f 333/5/405 336/5/405 335/6/405 334/6/405
f 334/6/406 338/6/406 337/5/406 333/5/406
f 334/6/407 335/6/407 340/7/407 339/7/407
f 339/7/408 341/7/408 338/6/408 334/6/408
f 339/7/409 340/7/409 343/8/409 342/8/409
f 342/8/410 344/8/410 341/7/410 339/7/410
f 342/8/411 343/8/411 336/5/411 333/5/411
f 333/5/412 337/5/412 344/8/412 342/8/412
f 345/9/413 335/9/413 323/10/413 346/10/413
f 346/10/414 326/10/414 338/9/414 345/9/414
f 346/10/415 323/10/415 324/11/415 347/11/415
f 347/11/416 325/11/416 326/10/416 346/10/416
f 347/11/417 324/11/417 340/12/417 348/12/417
f 348/12/418 341/12/418 325/11/418 347/11/418
f 348/12/419 340/12/419 335/9/419 345/9/419
f 345/9/420 338/9/420 341/12/420 348/12/420
f 349/13/421 331/13/421 328/14/421 350/14/421
f 350/14/422 329/14/422 332/13/422 349/13/422
f 350/14/423 328/14/423 336/15/423 351/15/423
f 351/15/424 337/15/424 329/14/424 350/14/424
f 351/15/425 336/15/425 343/16/425 352/16/425
f 352/16/426 344/16/426 337/15/426 351/15/426
f 352/16/427 343/16/427 331/13/427 349/13/427
f 349/13/428 332/13/428 344/16/428 352/16/428
f 353/17/429 328/17/429 323/18/429 354/18/429
f 354/18/430 326/18/430 329/17/430 353/17/430
f 354/18/431 323/18/431 335/19/431 355/19/431
f 355/19/432 338/19/432 326/18/432 354/18/432
f 355/19/433 335/19/433 336/20/433 356/20/433
f 356/20/434 337/20/434 338/19/434 355/19/434
f 356/20/435 336/20/435 328/17/435 353/17/435
f 353/17/436 329/17/436 337/20/436 356/20/436
f 357/21/437 340/21/437 324/22/437 358/22/437
f 358/22/438 325/22/438 341/21/438 357/21/438
f 358/22/439 324/22/439 331/23/439 359/23/439
f 359/23/440 332/23/440 325/22/440 358/22/440
f 359/23/441 331/23/441 343/24/441 360/24/441
f 360/24/442 344/24/442 332/23/442 359/23/442
f 360/24/443 343/24/443 340/21/443 357/21/443
f 357/21/444 341/21/444 344/24/444 360/24/444
f 361/1/445 364/1/445 363/2/445 362/2/445
f 362/2/446 366/2/446 365/1/446 361/1/446
f 362/2/447 363/2/447 368/3/447 367/3/447
f 367/3/448 369/3/448 366/2/448 362/2/448
f 367/3/449 368/3/449 371/4/449 370/4/449
f 370/4/450 372/4/450 369/3/450 367/3/450
f 370/4/451 371/4/451 364/1/451 361/1/451
f 361/1/452 365/1/452 372/4/452 370/4/452
f 373/5/453 376/5/453 375/6/453 374/6/453
f 374/6/454 378/6/454 377/5/454 373/5/454
f 374/6/455 375/6/455 380/7/455 379/7/455
f 379/7/456 381/7/456 378/6/456 374/6/456
f 379/7/457 380/7/457 383/8/457 382/8/457
f 382/8/458 384/8/458 381/7/458 379/7/458
f 382/8/459 383/8/459 376/5/459 373/5/459
f 373/5/460 377/5/460 384/8/460 382/8/460
f 385/9/461 375/9/461 363/10/461 386/10/461
f 386/10/462 366/10/462 378/9/462 385/9/462
f 386/10/463 363/10/463 364/11/463 387/11/463
f 387/11/464 365/11/464 366/10/464 386/10/464
f 387/11/465 364/11/465 380/12/465 388/12/465
f 388/12/466 381/12/466 365/11/466 387/11/466
f 388/12/467 380/12/467 375/9/467 385/9/467
f 385/9/468 378/9/468 381/12/468 388/12/468
f 389/13/469 371/13/469 368/14/469 390/14/469
f 390/14/470 369/14/470 372/13/470 389/13/470
f 390/14/471 368/14/471 376/15/471 391/15/471
f 391/15/472 377/15/472 369/14/472 390/14/472
f 391/15/473 376/15/473 383/16/473 392/16/473
f 392/16/474 384/16/474 377/15/474 391/15/474
f 392/16/475 383/16/475 371/13/475 389/13/475
f 389/13/476 372/13/476 384/16/476 392/16/476
f 393/17/477 368/17/477 363/18/477 394/18/477
f 394/18/478 366/18/478 369/17/478 393/17/478
f 394/18/479 363/18/479 375/19/479 395/19/479
f 395/19/480 378/19/480 366/18/480 394/18/480
f 395/19/481 375/19/481 376/20/481 396/20/481
f 396/20/482 377/20/482 378/19/482 395/19/482
f 396/20/483 376/20/483 368/17/483 393/17/483
f 393/17/484 369/17/484 377/20/484 396/20/484
f 397/21/485 380/21/485 364/22/485 398/22/485
f 398/22/486 365/22/486 381/21/486 397/21/486
f 398/22/487 364/22/487 371/23/487 399/23/487
f 399/23/488 372/23/488 365/22/488 398/22/488
f 399/23/489 371/23/489 383/24/489 400/24/489
f 400/24/490 384/24/490 372/23/490 399/23/490
f 400/24/491 383/24/491 380/21/491 397/21/491
f 397/21/492 381/21/492 384/24/492 400/24/492
f 401/1/493 404/1/493 403/2/493 402/2/493
f 402/2/494 406/2/494 405/1/494 401/1/494
f 402/2/495 403/2/495 408/3/495 407/3/495
f 407/3/496 409/3/496 406/2/496 402/2/496
f 407/3/497 408/3/497 411/4/497 410/4/497
f 410/4/498 412/4/498 409/3/498 407/3/498
f 410/4/499 411/4/499 404/1/499 401/1/499
f 401/1/500 405/1/500 412/4/500 410/4/500
f 413/5/501 416/5/501 415/6/501 414/6/501
f 414/6/502 418/6/502 417/5/502 413/5/502
f 414/6/503 415/6/503 420/7/503 419/7/503
f 419/7/504 421/7/504 418/6/504 414/6/504
f 419/7/505 420/7/505 423/8/505 422/8/505
f 422/8/506 424/8/506 421/7/506 419/7/506
f 422/8/507 423/8/507 416/5/507 413/5/507
f 413/5/508 417/5/508 424/8/508 422/8/508
f 425/9/509 415/9/509 403/10/509 426/10/509
f 426/10/510 406/10/510 418/9/510 425/9/510
f 426/10/511 403/10/511 404/11/511 427/11/511
f 427/11/512 405/11/512 406/10/512 426/10/512
f 427/11/513 404/11/513 420/12/513 428/12/513
f 428/12/514 421/12/514 405/11/514 427/11/514
f 428/12/515 420/12/515 415/9/515 425/9/515
f 425/9/516 418/9/516 421/12/516 428/12/516
f 429/13/517 411/13/517 408/14/517 430/14/517
f 430/14/518 409/14/518 412/13/518 429/13/518
f 430/14/519 408/14/519 416/15/519 431/15/519
f 431/15/520 417/15/520 409/14/520 430/14/520
f 431/15/521 416/15/521 423/16/521 432/16/521
f 432/16/522 424/16/522 417/15/522 431/15/522
f 432/16/523 423/16/523 411/13/523 429/13/523
f 429/13/524 412/13/524 424/16/524 432/16/524
f 433/17/525 408/17/525 403/18/525 434/18/525
f 434/18/526 406/18/526 409/17/526 433/17/526
f 434/18/527 403/18/527 415/19/527 435/19/527
f 435/19/528 418/19/528 406/18/528 434/18/528
f 435/19/529 415/19/529 416/20/529 436/20/529
f 436/20/530 417/20/530 418/19/530 435/19/530
f 436/20/531 416/20/531 408/17/531 433/17/531
f 433/17/532 409/17/532 417/20/532 436/20/532
f 437/21/533 420/21/533 404/22/533 438/22/533
f 438/22/534 405/22/534 421/21/534 437/21/534
f 438/22/535 404/22/535 411/23/535 439/23/535
f 439/23/536 412/23/536 405/22/536 438/22/536
f 439/23/537 411/23/537 423/24/537 440/24/537
f 440/24/538 424/24/538 412/23/538 439/23/538
f 440/24/539 423/24/539 420/21/539 437/21/539
f 437/21/540 421/21/540 424/24/540 440/24/540
f 441/1/445 444/1/445 443/2/445 442/2/445
f 442/2/541 446/2/541 445/1/541 441/1/541
f 442/2/542 443/2/542 448/3/542 447/3/542
f 447/3/448 449/3/448 446/2/448 442/2/448
f 447/3/543 448/3/543 451/4/543 450/4/543
f 450/4/544 452/4/544 449/3/544 447/3/544
f 450/4/545 451/4/545 444/1/545 441/1/545
f 441/1/546 445/1/546 452/4/546 450/4/546
f 453/5/547 456/5/547 455/6/547 454/6/547
f 454/6/548 458/6/548 457/5/548 453/5/548
f 454/6/549 455/6/549 460/7/549 459/7/549
f 459/7/550 461/7/550 458/6/550 454/6/550
f 459/7/551 460/7/551 463/8/551 462/8/551
f 462/8/552 464/8/552 461/7/552 459/7/552
f 462/8/553 463/8/553 456/5/553 453/5/553
f 453/5/554 457/5/554 464/8/554 462/8/554
f 465/9/555 455/9/555 443/10/555 466/10/555
f 466/10/556 446/10/556 458/9/556 465/9/556
f 466/10/463 443/10/463 444/11/463 467/11/463
f 467/11/557 445/11/557 446/10/557 466/10/557
f 467/11/558 444/11/558 460/12/558 468/12/558
f 468/12/559 461/12/559 445/11/559 467/11/559
f 468/12/560 460/12/560 455/9/560 465/9/560
f 465/9/561 458/9/561 461/12/561 468/12/561
f 469/13/562 451/13/562 448/14/562 470/14/562
f 470/14/563 449/14/563 452/13/563 469/13/563
f 470/14/564 448/14/564 456/15/564 471/15/564
f 471/15/565 457/15/565 449/14/565 470/14/565
f 471/15/566 456/15/566 463/16/566 472/16/566
f 472/16/567 464/16/567 457/15/567 471/15/567
f 472/16/568 463/16/568 451/13/568 469/13/568
f 469/13/569 452/13/569 464/16/569 472/16/569
f 473/17/570 448/17/570 443/18/570 474/18/570
f 474/18/478 446/18/478 449/17/478 473/17/478
f 474/18/571 443/18/571 455/19/571 475/19/571
f 475/19/572 458/19/572 446/18/572 474/18/572
f 475/19/573 455/19/573 456/20/573 476/20/573
f 476/20/574 457/20/574 458/19/574 475/19/574
f 476/20/575 456/20/575 448/17/575 473/17/575
f 473/17/576 449/17/576 457/20/576 476/20/576
f 477/21/577 460/21/577 444/22/577 478/22/577
f 478/22/578 445/22/578 461/21/578 477/21/578
f 478/22/579 444/22/579 451/23/579 479/23/579
f 479/23/580 452/23/580 445/22/580 478/22/580
f 479/23/581 451/23/581 463/24/581 480/24/581
f 480/24/582 464/24/582 452/23/582 479/23/582
f 480/24/583 463/24/583 460/21/583 477/21/583
f 477/21/584 461/21/584 464/24/584 480/24/584
f 481/1/585 484/1/585 483/2/585 482/2/585
f 482/2/586 486/2/586 485/1/586 481/1/586
f 482/2/587 483/2/587 488/3/587 487/3/587
f 487/3/588 489/3/588 486/2/588 482/2/588
f 487/3/589 488/3/589 491/4/589 490/4/589
f 490/4/590 492/4/590 489/3/590 487/3/590
f 490/4/591 491/4/591 484/1/591 481/1/591
f 481/1/592 485/1/592 492/4/592 490/4/592
f 493/5/593 496/5/593 495/6/593 494/6/593
f 494/6/594 498/6/594 497/5/594 493/5/594
f 494/6/595 495/6/595 500/7/595 499/7/595
f 499/7/596 501/7/596 498/6/596 494/6/596
f 499/7/597 500/7/597 503/8/597 502/8/597
f 502/8/598 504/8/598 501/7/598 499/7/598
f 502/8/599 503/8/599 496/5/599 493/5/599
f 493/5/600 497/5/600 504/8/600 502/8/600
f 505/9/601 495/9/601 483/10/601 506/10/601
f 506/10/602 486/10/602 498/9/602 505/9/602
f 506/10/603 483/10/603 484/11/603 507/11/603
f 507/11/604 485/11/604 486/10/604 506/10/604
f 507/11/605 484/11/605 500/12/605 508/12/605
f 508/12/606 501/12/606 485/11/606 507/11/606
f 508/12/607 500/12/607 495/9/607 505/9/607
f 505/9/608 498/9/608 501/12/608 508/12/608
f 509/13/609 491/13/609 488/14/609 510/14/609
f 510/14/610 489/14/610 492/13/610 509/13/610
f 510/14/611 488/14/611 496/15/611 511/15/611
f 511/15/612 497/15/612 489/14/612 510/14/612
f 511/15/613 496/15/613 503/16/613 512/16/613
f 512/16/614 504/16/614 497/15/614 511/15/614
f 512/16/615 503/16/615 491/13/615 509/13/615
f 509/13/616 492/13/616 504/16/616 512/16/616
f 513/17/617 488/17/617 483/18/617 514/18/617
f 514/18/618 486/18/618 489/17/618 513/17/618
f 514/18/619 483/18/619 495/19/619 515/19/619
f 515/19/620 498/19/620 486/18/620 514/18/620
f 515/19/621 495/19/621 496/20/621 516/20/621
f 516/20/622 497/20/622 498/19/622 515/19/622
f 516/20/623 496/20/623 488/17/623 513/17/623
f 513/17/624 489/17/624 497/20/624 516/20/624
f 517/21/625 500/21/625 484/22/625 518/22/625
f 518/22/626 485/22/626 501/21/626 517/21/626
f 518/22/627 484/22/627 491/23/627 519/23/627
f 519/23/628 492/23/628 485/22/628 518/22/628
f 519/23/629 491/23/629 503/24/629 520/24/629
f 520/24/630 504/24/630 492/23/630 519/23/630
f 520/24/631 503/24/631 500/21/631 517/21/631
f 517/21/632 501/21/632 504/24/632 520/24/632
f 521/1/633 524/1/633 523/2/633 522/2/633
f 522/2/634 526/2/634 525/1/634 521/1/634
f 522/2/635 523/2/635 528/3/635 527/3/635
f 527/3/636 529/3/636 526/2/636 522/2/636
f 527/3/637 528/3/637 531/4/637 530/4/637
f 530/4/638 532/4/638 529/3/638 527/3/638
f 530/4/639 531/4/639 524/1/639 521/1/639
f 521/1/640 525/1/640 532/4/640 530/4/640
f 533/5/641 536/5/641 535/6/641 534/6/641
f 534/6/642 538/6/642 537/5/642 533/5/642
f 534/6/643 535/6/643 540/7/643 539/7/643
f 539/7/644 541/7/644 538/6/644 534/6/644
f 539/7/645 540/7/645 543/8/645 542/8/645
f 542/8/646 544/8/646 541/7/646 539/7/646
f 542/8/647 543/8/648 536/5/648 533/5/647
f 533/5/649 537/5/649 544/8/649 542/8/649
f 545/9/650 535/9/650 523/10/650 546/10/650
f 546/10/651 526/10/651 538/9/651 545/9/651
f 546/10/652 523/10/652 524/11/652 547/11/652
f 547/11/653 525/11/653 526/10/653 546/10/653
f 547/11/654 524/11/654 540/12/654 548/12/654
f 548/12/655 541/12/655 525/11/655 547/11/655
f 548/12/656 540/12/656 535/9/656 545/9/656
f 545/9/657 538/9/657 541/12/657 548/12/657
f 549/13/658 531/13/658 528/14/658 550/14/658
f 550/14/659 529/14/659 532/13/659 549/13/659
f 550/14/660 528/14/660 536/15/660 551/15/660
f 551/15/661 537/15/661 529/14/661 550/14/661
f 551/15/662 536/15/662 543/16/662 552/16/662
f 552/16/663 544/16/663 537/15/663 551/15/663
f 552/16/664 543/16/664 531/13/664 549/13/664
f 549/13/665 532/13/665 544/16/665 552/16/665
f 553/17/666 528/17/666 523/18/666 554/18/666
f 554/18/667 526/18/667 529/17/667 553/17/667
f 554/18/668 523/18/668 535/19/668 555/19/668
f 555/19/669 538/19/669 526/18/669 554/18/669
f 555/19/670 535/19/670 536/20/670 556/20/670
f 556/20/671 537/20/671 538/19/671 555/19/671
f 556/20/672 536/20/673 528/17/672 553/17/673
f 553/17/674 529/17/674 537/20/674 556/20/674
f 557/21/675 540/21/676 524/22/675 558/22/676
f 558/22/677 525/22/677 541/21/677 557/21/677
f 558/22/678 524/22/678 531/23/678 559/23/678
f 559/23/679 532/23/679 525/22/679 558/22/679
f 559/23/680 531/23/680 543/24/680 560/24/680
f 560/24/681 544/24/681 532/23/681 559/23/681
f 560/24/682 543/24/682 540/21/682 557/21/682
f 557/21/683 541/21/683 544/24/683 560/24/683
f 561/1/684 564/1/684 563/2/684 562/2/684
f 562/2/685 566/2/685 565/1/685 561/1/685
f 562/2/686 563/2/686 568/3/686 567/3/686
f 567/3/687 569/3/687 566/2/687 562/2/687
f 567/3/688 568/3/688 571/4/688 570/4/688
f 570/4/689 572/4/689 569/3/689 567/3/689
f 570/4/690 571/4/690 564/1/690 561/1/690
f 561/1/691 565/1/691 572/4/691 570/4/691
f 573/5/692 576/5/692 575/6/692 574/6/692
f 574/6/693 578/6/693 577/5/693 573/5/693
f 574/6/694 575/6/694 580/7/694 579/7/694
f 579/7/695 581/7/695 578/6/695 574/6/695
f 579/7/696 580/7/696 583/8/696 582/8/696
f 582/8/697 584/8/697 581/7/697 579/7/697
f 582/8/698 583/8/698 576/5/698 573/5/698
f 573/5/699 577/5/699 584/8/699 582/8/699
f 585/9/700 575/9/700 563/10/700 586/10/700
f 586/10/701 566/10/701 578/9/701 585/9/701
f 586/10/702 563/10/702 564/11/702 587/11/702
f 587/11/703 565/11/703 566/10/703 586/10/703
f 587/11/704 564/11/704 580/12/704 588/12/704
f 588/12/705 581/12/705 565/11/705 587/11/705
f 588/12/706 580/12/706 575/9/706 585/9/706
f 585/9/707 578/9/707 581/12/707 588/12/707
f 589/13/708 571/13/708 568/14/708 590/14/708
f 590/14/709 569/14/709 572/13/709 589/13/709
f 590/14/710 568/14/710 576/15/710 591/15/710
f 591/15/711 577/15/711 569/14/711 590/14/711
f 591/15/712 576/15/712 583/16/712 592/16/712
f 592/16/713 584/16/713 577/15/713 591/15/713
f 592/16/714 583/16/714 571/13/714 589/13/714
f 589/13/715 572/13/715 584/16/715 592/16/715
f 593/17/716 568/17/716 563/18/716 594/18/716
f 594/18/717 566/18/717 569/17/717 593/17/717
f 594/18/718 563/18/718 575/19/718 595/19/718
f 595/19/719 578/19/719 566/18/719 594/18/719
f 595/19/720 575/19/720 576/20/720 596/20/720
f 596/20/721 577/20/721 578/19/721 595/19/721
f 596/20/722 576/20/722 568/17/722 593/17/722
f 593/17/723 569/17/723 577/20/723 596/20/723
f 597/21/724 580/21/724 564/22/724 598/22/724
f 598/22/725 565/22/725 581/21/725 597/21/725
f 598/22/726 564/22/726 571/23/726 599/23/726
f 599/23/727 572/23/727 565/22/727 598/22/727
f 599/23/728 571/23/728 583/24/728 600/24/728
f 600/24/729 584/24/729 572/23/729 599/23/729
f 600/24/730 583/24/730 580/21/730 597/21/730
f 597/21/731 581/21/731 584/24/731 600/24/731
f 601/1/732 604/1/732 603/2/732 602/2/732
f 602/2/733 606/2/733 605/1/733 601/1/733
f 602/2/734 603/2/734 608/3/734 607/3/734
f 607/3/735 609/3/735 606/2/735 602/2/735
f 607/3/736 608/3/736 611/4/736 610/4/736
f 610/4/737 612/4/737 609/3/737 607/3/737
f 610/4/738 611/4/738 604/1/738 601/1/738
f 601/1/739 605/1/739 612/4/739 610/4/739
f 613/5/740 616/5/740 615/6/740 614/6/740
f 614/6/741 618/6/741 617/5/741 613/5/741
f 614/6/742 615/6/742 620/7/742 619/7/742
f 619/7/743 621/7/743 618/6/743 614/6/743
f 619/7/744 620/7/744 623/8/744 622/8/744
f 622/8/745 624/8/745 621/7/745 619/7/745
f 622/8/746 623/8/746 616/5/746 613/5/746
f 613/5/747 617/5/747 624/8/747 622/8/747
f 625/9/748 615/9/748 603/10/748 626/10/748
f 626/10/749 606/10/749 618/9/749 625/9/749
f 626/10/750 603/10/750 604/11/750 627/11/750
f 627/11/751 605/11/751 606/10/751 626/10/751
f 627/11/752 604/11/752 620/12/752 628/12/752
f 628/12/753 621/12/753 605/11/753 627/11/753
f 628/12/754 620/12/754 615/9/754 625/9/754
f 625/9/755 618/9/755 621/12/755 628/12/755
f 629/13/756 611/13/756 608/14/756 630/14/756
f 630/14/757 609/14/757 612/13/757 629/13/757
f 630/14/758 608/14/758 616/15/758 631/15/758
f 631/15/759 617/15/759 609/14/759 630/14/759
f 631/15/760 616/15/760 623/16/760 632/16/760
f 632/16/761 624/16/761 617/15/761 631/15/761
f 632/16/762 623/16/762 611/13/762 629/13/762
f 629/13/763 612/13/763 624/16/763 632/16/763
f 633/17/764 608/17/764 603/18/764 634/18/764
f 634/18/765 606/18/765 609/17/765 633/17/765
f 634/18/766 603/18/766 615/19/766 635/19/766
f 635/19/767 618/19/767 606/18/767 634/18/767
f 635/19/768 615/19/768 616/20/768 636/20/768
f 636/20/769 617/20/769 618/19/769 635/19/769
f 636/20/770 616/20/770 608/17/770 633/17/770
f 633/17/771 609/17/771 617/20/771 636/20/771
f 637/21/772 620/21/772 604/22/772 638/22/772
f 638/22/773 605/22/773 621/21/773 637/21/773
f 638/22/774 604/22/774 611/23/774 639/23/774
f 639/23/775 612/23/775 605/22/775 638/22/775
f 639/23/776 611/23/776 623/24/776 640/24/776
f 640/24/777 624/24/777 612/23/777 639/23/777
f 640/24/778 623/24/778 620/21/778 637/21/778
f 637/21/779 621/21/779 624/24/779 640/24/779
f 641/1/780 644/1/780 643/2/780 642/2/780
f 642/2/781 646/2/781 645/1/781 641/1/781
f 642/2/782 643/2/782 648/3/782 647/3/782
f 647/3/783 649/3/783 646/2/783 642/2/783
f 647/3/784 648/3/785 651/4/784 650/4/784
f 650/4/786 652/4/786 649/3/786 647/3/786
f 650/4/690 651/4/690 644/1/690 641/1/690
f 641/1/691 645/1/691 652/4/691 650/4/691
f 653/5/692 656/5/692 655/6/692 654/6/692
f 654/6/693 658/6/693 657/5/693 653/5/693
f 654/6/787 655/6/787 660/7/787 659/7/788
f 659/7/695 661/7/695 658/6/695 654/6/695
f 659/7/789 660/7/789 663/8/789 662/8/789
f 662/8/697 664/8/697 661/7/697 659/7/697
f 662/8/790 663/8/790 656/5/790 653/5/790
f 653/5/699 657/5/699 664/8/699 662/8/699
f 665/9/791 655/9/791 643/10/791 666/10/791
f 666/10/701 646/10/701 658/9/701 665/9/701
f 666/10/792 643/10/792 644/11/792 667/11/792
f 667/11/793 645/11/793 646/10/793 666/10/793
f 667/11/794 644/11/794 660/12/794 668/12/794
f 668/12/705 661/12/705 645/11/705 667/11/705
f 668/12/795 660/12/795 655/9/795 665/9/795
f 665/9/707 658/9/707 661/12/707 668/12/707
f 669/13/796 651/13/796 648/14/796 670/14/796
f 670/14/797 649/14/797 652/13/797 669/13/797
f 670/14/798 648/14/798 656/15/798 671/15/798
f 671/15/711 657/15/711 649/14/711 670/14/711
f 671/15/799 656/15/799 663/16/799 672/16/799
f 672/16/713 664/16/713 657/15/713 671/15/713
f 672/16/800 663/16/800 651/13/800 669/13/800
f 669/13/715 652/13/715 664/16/715 672/16/715
f 673/17/716 648/17/716 643/18/716 674/18/716
f 674/18/717 646/18/717 649/17/717 673/17/717
f 674/18/801 643/18/801 655/19/801 675/19/801
f 675/19/719 658/19/719 646/18/719 674/18/719
f 675/19/802 655/19/802 656/20/802 676/20/802
f 676/20/721 657/20/721 658/19/721 675/19/721
f 676/20/722 656/20/722 648/17/722 673/17/722
f 673/17/723 649/17/723 657/20/723 676/20/723
f 677/21/803 660/21/803 644/22/803 678/22/803
f 678/22/725 645/22/725 661/21/725 677/21/725
f 678/22/804 644/22/804 651/23/804 679/23/804
f 679/23/727 652/23/727 645/22/727 678/22/727
f 679/23/805 651/23/805 663/24/805 680/24/805
f 680/24/729 664/24/729 652/23/729 679/23/729
f 680/24/806 663/24/806 660/21/806 677/21/806
f 677/21/731 661/21/731 664/24/731 680/24/731
f 681/3/807 684/3/807 683/2/807 682/2/807
f 682/2/808 686/2/808 685/3/808 681/3/808
f 682/2/809 683/2/809 688/1/809 687/1/809
f 687/1/810 689/1/810 686/2/810 682/2/810
f 687/1/811 688/1/811 691/4/811 690/4/811
f 690/4/812 692/4/812 689/1/812 687/1/812
f 690/4/813 691/4/813 684/3/813 681/3/813
f 681/3/814 685/3/814 692/4/814 690/4/814
f 693/7/815 696/7/815 695/6/815 694/6/815
f 694/6/816 698/6/816 697/7/816 693/7/816
f 694/6/817 695/6/817 700/5/817 699/5/817
f 699/5/818 701/5/818 698/6/818 694/6/818
f 699/5/819 700/5/819 703/8/819 702/8/819
f 702/8/820 704/8/820 701/5/820 699/5/820
f 702/8/821 703/8/821 696/7/821 693/7/821
f 693/7/822 697/7/822 704/8/822 702/8/822
f 705/11/823 688/11/823 683/10/823 706/10/823
f 706/10/824 686/10/824 689/11/824 705/11/824
f 706/10/825 683/10/825 695/9/825 707/9/825
f 707/9/826 698/9/826 686/10/826 706/10/826
f 707/9/827 695/9/828 696/12/828 708/12/827
f 708/12/829 697/12/829 698/9/829 707/9/829
f 708/12/830 696/12/830 688/11/830 705/11/830
f 705/11/831 689/11/831 697/12/831 708/12/831
f 709/15/832 700/15/832 684/14/832 710/14/832
f 710/14/833 685/14/833 701/15/833 709/15/833
f 710/14/834 684/14/834 691/13/834 711/13/834
f 711/13/835 692/13/835 685/14/835 710/14/835
f 711/13/836 691/13/836 703/16/836 712/16/836
f 712/16/837 704/16/837 692/13/837 711/13/837
f 712/16/838 703/16/838 700/15/838 709/15/838
f 709/15/839 701/15/839 704/16/839 712/16/839
f 713/19/840 695/19/841 683/18/840 714/18/841
f 714/18/842 686/18/842 698/19/842 713/19/842
f 714/18/843 683/18/843 684/17/843 715/17/843
f 715/17/844 685/17/844 686/18/844 714/18/844
f 715/17/845 684/17/846 700/20/845 716/20/845
f 716/20/847 701/20/847 685/17/847 715/17/847
f 716/20/848 700/20/848 695/19/848 713/19/848
f 713/19/849 698/19/849 701/20/849 716/20/849
f 717/23/850 691/23/850 688/22/850 718/22/850
f 718/22/851 689/22/851 692/23/851 717/23/851
f 718/22/852 688/22/852 696/21/852 719/21/852
f 719/21/853 697/21/853 689/22/853 718/22/853
f 719/21/854 696/21/854 703/24/854 720/24/854
f 720/24/855 704/24/855 697/21/855 719/21/855
f 720/24/856 703/24/856 691/23/856 717/23/856
f 717/23/857 692/23/857 704/24/857 720/24/857
f 721/3/858 724/3/858 723/2/858 722/2/858
f 722/2/859 726/2/859 725/3/859 721/3/859
f 722/2/860 723/2/860 728/1/860 727/1/860
f 727/1/861 729/1/861 726/2/861 722/2/861
f 727/1/862 728/1/862 731/4/862 730/4/862
f 730/4/863 732/4/863 729/1/863 727/1/863
f 730/4/864 731/4/864 724/3/864 721/3/864
f 721/3/865 725/3/865 732/4/865 730/4/865
f 733/7/866 736/7/867 735/6/867 734/6/867
f 734/6/868 738/6/868 737/7/868 733/7/868
f 734/6/869 735/6/869 740/5/869 739/5/869
f 739/5/870 741/5/870 738/6/870 734/6/870
f 739/5/871 740/5/871 743/8/871 742/8/871
f 742/8/872 744/8/872 741/5/872 739/5/872
f 742/8/873 743/8/873 736/7/873 733/7/873
f 733/7/874 737/7/874 744/8/874 742/8/874
f 745/11/875 728/11/875 723/10/875 746/10/875
f 746/10/876 726/10/876 729/11/876 745/11/876
f 746/10/877 723/10/878 735/9/878 747/9/878
f 747/9/879 738/9/879 726/10/879 746/10/879
f 747/9/880 735/9/880 736/12/880 748/12/880
f 748/12/881 737/12/881 738/9/881 747/9/881
f 748/12/882 736/12/882 728/11/882 745/11/882
f 745/11/883 729/11/883 737/12/883 748/12/883
f 749/15/884 740/15/884 724/14/884 750/14/884
f 750/14/885 725/14/885 741/15/885 749/15/885
f 750/14/886 724/14/886 731/13/886 751/13/886
f 751/13/887 732/13/887 725/14/887 750/14/887
f 751/13/888 731/13/888 743/16/888 752/16/888
f 752/16/889 744/16/889 732/13/889 751/13/889
f 752/16/890 743/16/890 740/15/890 749/15/890
f 749/15/891 741/15/891 744/16/891 752/16/891
f 753/19/892 735/19/892 723/18/892 754/18/893
f 754/18/894 726/18/894 738/19/894 753/19/894
f 754/18/895 723/18/895 724/17/895 755/17/895
f 755/17/896 725/17/896 726/18/896 754/18/896
f 755/17/897 724/17/897 740/20/897 756/20/897
f 756/20/898 741/20/898 725/17/898 755/17/898
f 756/20/899 740/20/899 735/19/899 753/19/899
f 753/19/900 738/19/900 741/20/900 756/20/900
f 757/23/901 731/23/901 728/22/901 758/22/901
f 758/22/902 729/22/902 732/23/902 757/23/902
f 758/22/903 728/22/903 736/21/903 759/21/903
f 759/21/904 737/21/904 729/22/904 758/22/904
f 759/21/905 736/21/905 743/24/905 760/24/905
f 760/24/906 744/24/906 737/21/906 759/21/906
f 760/24/907 743/24/907 731/23/907 757/23/907
f 757/23/908 732/23/908 744/24/908 760/24/908
f 761/3/909 764/3/909 763/2/909 762/2/909
f 762/2/910 766/2/910 765/3/910 761/3/910
f 762/2/911 763/2/911 768/1/911 767/1/911
f 767/1/912 769/1/912 766/2/912 762/2/912
f 767/1/913 768/1/913 771/4/913 770/4/913
f 770/4/914 772/4/914 769/1/914 767/1/914
f 770/4/915 771/4/915 764/3/915 761/3/915
f 761/3/814 765/3/814 772/4/814 770/4/814
f 773/7/916 776/7/916 775/6/916 774/6/916
f 774/6/917 778/6/917 777/7/917 773/7/917
f 774/6/817 775/6/817 780/5/817 779/5/817
f 779/5/818 781/5/818 778/6/818 774/6/818
f 779/5/918 780/5/918 783/8/918 782/8/918
f 782/8/919 784/8/919 781/5/919 779/5/919
f 782/8/920 783/8/920 776/7/920 773/7/920
f 773/7/921 777/7/921 784/8/921 782/8/921
f 785/11/922 768/11/922 763/10/922 786/10/922
f 786/10/923 766/10/923 769/11/923 785/11/923
f 786/10/924 763/10/924 775/9/924 787/9/924
f 787/9/925 778/9/925 766/10/925 786/10/925
f 787/9/926 775/9/926 776/12/926 788/12/926
f 788/12/927 777/12/927 778/9/927 787/9/927
f 788/12/928 776/12/928 768/11/928 785/11/928
f 785/11/929 769/11/929 777/12/929 788/12/929
f 789/15/930 780/15/930 764/14/930 790/14/930
f 790/14/931 765/14/931 781/15/931 789/15/931
f 790/14/932 764/14/932 771/13/932 791/13/932
f 791/13/933 772/13/933 765/14/933 790/14/933
f 791/13/934 771/13/934 783/16/934 792/16/934
f 792/16/935 784/16/935 772/13/935 791/13/935
f 792/16/936 783/16/936 780/15/936 789/15/936
f 789/15/937 781/15/937 784/16/937 792/16/937
f 793/19/938 775/19/938 763/18/938 794/18/938
f 794/18/842 766/18/842 778/19/842 793/19/842
f 794/18/939 763/18/939 764/17/939 795/17/939
f 795/17/844 765/17/844 766/18/844 794/18/844
f 795/17/845 764/17/845 780/20/845 796/20/845
f 796/20/847 781/20/847 765/17/847 795/17/847
f 796/20/940 780/20/940 775/19/940 793/19/940
f 793/19/849 778/19/849 781/20/849 796/20/849
f 797/23/850 771/23/850 768/22/850 798/22/850
f 798/22/851 769/22/851 772/23/851 797/23/851
f 798/22/941 768/22/941 776/21/941 799/21/941
f 799/21/942 777/21/942 769/22/942 798/22/942
f 799/21/854 776/21/854 783/24/854 800/24/854
f 800/24/855 784/24/855 777/21/855 799/21/855
f 800/24/943 783/24/943 771/23/943 797/23/943
f 797/23/944 772/23/944 784/24/944 800/24/944
f 801/1/945 804/1/945 803/2/945 802/2/945
f 802/2/685 806/2/685 805/1/685 801/1/685
f 802/2/686 803/2/686 808/3/686 807/3/686
f 807/3/687 809/3/687 806/2/687 802/2/687
f 807/3/946 808/3/946 811/4/946 810/4/946
f 810/4/689 812/4/689 809/3/689 807/3/689
f 810/4/690 811/4/690 804/1/690 801/1/690
f 801/1/691 805/1/691 812/4/691 810/4/691
f 813/5/692 816/5/692 815/6/692 814/6/692
f 814/6/693 818/6/693 817/5/693 813/5/693
f 814/6/787 815/6/787 820/7/787 819/7/787
f 819/7/695 821/7/695 818/6/695 814/6/695
f 819/7/947 820/7/947 823/8/947 822/8/947
f 822/8/697 824/8/697 821/7/697 819/7/697
f 822/8/948 823/8/948 816/5/948 813/5/948
f 813/5/699 817/5/699 824/8/699 822/8/699
f 825/9/949 815/9/949 803/10/949 826/10/949
f 826/10/950 806/10/950 818/9/950 825/9/950
f 826/10/951 803/10/951 804/11/951 827/11/951
f 827/11/793 805/11/793 806/10/793 826/10/793
f 827/11/952 804/11/952 820/12/952 828/12/952
f 828/12/705 821/12/705 805/11/705 827/11/705
f 828/12/706 820/12/706 815/9/706 825/9/706
f 825/9/707 818/9/707 821/12/707 828/12/707
f 829/13/953 811/13/953 808/14/953 830/14/953
f 830/14/797 809/14/797 812/13/797 829/13/797
f 830/14/954 808/14/954 816/15/954 831/15/954
f 831/15/955 817/15/955 809/14/955 830/14/955
f 831/15/712 816/15/712 823/16/712 832/16/712
f 832/16/713 824/16/713 817/15/713 831/15/713
f 832/16/956 823/16/956 811/13/956 829/13/956
f 829/13/715 812/13/715 824/16/715 832/16/715
f 833/17/716 808/17/716 803/18/716 834/18/716
f 834/18/717 806/18/717 809/17/717 833/17/717
f 834/18/957 803/18/957 815/19/957 835/19/957
f 835/19/958 818/19/958 806/18/958 834/18/958
f 835/19/959 815/19/959 816/20/959 836/20/959
f 836/20/960 817/20/960 818/19/960 835/19/960
f 836/20/961 816/20/961 808/17/961 833/17/961
f 833/17/962 809/17/962 817/20/962 836/20/962
f 837/21/803 820/21/803 804/22/803 838/22/803
f 838/22/725 805/22/725 821/21/725 837/21/725
f 838/22/726 804/22/726 811/23/726 839/23/726
f 839/23/727 812/23/727 805/22/727 838/22/727
f 839/23/805 811/23/805 823/24/805 840/24/805
f 840/24/729 824/24/729 812/23/729 839/23/729
f 840/24/806 823/24/806 820/21/806 837/21/806
f 837/21/731 821/21/731 824/24/731 840/24/731
f 841/1/684 844/1/684 843/2/684 842/2/684
f 842/2/781 846/2/781 845/1/781 841/1/781
f 842/2/686 843/2/686 848/3/686 847/3/686
f 847/3/783 849/3/783 846/2/783 842/2/783
f 847/3/688 848/3/688 851/4/688 850/4/688
f 850/4/786 852/4/786 849/3/786 847/3/786
f 850/4/690 851/4/690 844/1/690 841/1/690
f 841/1/963 845/1/963 852/4/963 850/4/963
f 853/5/692 856/5/692 855/6/692 854/6/692
f 854/6/693 858/6/693 857/5/693 853/5/693
f 854/6/964 855/6/964 860/7/964 859/7/964
f 859/7/695 861/7/695 858/6/695 854/6/695
f 859/7/696 860/7/696 863/8/696 862/8/696
f 862/8/697 864/8/697 861/7/697 859/7/697
f 862/8/965 863/8/965 856/5/965 853/5/965
f 853/5/699 857/5/699 864/8/699 862/8/699
f 865/9/966 855/9/966 843/10/966 866/10/966
f 866/10/701 846/10/701 858/9/701 865/9/701
f 866/10/967 843/10/968 844/11/967 867/11/967
f 867/11/793 845/11/793 846/10/793 866/10/793
f 867/11/969 844/11/969 860/12/969 868/12/969
f 868/12/970 861/12/970 845/11/970 867/11/970
f 868/12/971 860/12/972 855/9/971 865/9/972
f 865/9/707 858/9/707 861/12/707 868/12/707
f 869/13/953 851/13/953 848/14/953 870/14/973
f 870/14/797 849/14/797 852/13/797 869/13/797
f 870/14/974 848/14/974 856/15/974 871/15/974
f 871/15/711 857/15/711 849/14/711 870/14/711
f 871/15/975 856/15/975 863/16/975 872/16/975
f 872/16/713 864/16/713 857/15/713 871/15/713
f 872/16/976 863/16/976 851/13/976 869/13/976
f 869/13/977 852/13/977 864/16/977 872/16/977
f 873/17/978 848/17/978 843/18/978 874/18/978
f 874/18/717 846/18/717 849/17/717 873/17/717
f 874/18/979 843/18/979 855/19/979 875/19/979
f 875/19/719 858/19/719 846/18/719 874/18/719
f 875/19/720 855/19/720 856/20/720 876/20/720
f 876/20/721 857/20/721 858/19/721 875/19/721
f 876/20/980 856/20/980 848/17/980 873/17/980
f 873/17/723 849/17/723 857/20/723 876/20/723
f 877/21/724 860/21/724 844/22/724 878/22/724
f 878/22/981 845/22/981 861/21/981 877/21/981
f 878/22/804 844/22/804 851/23/804 879/23/804
f 879/23/982 852/23/982 845/22/982 878/22/982
f 879/23/728 851/23/728 863/24/728 880/24/728
f 880/24/983 864/24/983 852/23/983 879/23/983
f 880/24/730 863/24/730 860/21/730 877/21/730
f 877/21/731 861/21/731 864/24/731 880/24/731
f 881/3/984 884/3/984 883/2/984 882/2/984
f 882/2/808 886/2/808 885/3/808 881/3/808
f 882/2/985 883/2/985 888/1/985 887/1/985
f 887/1/986 889/1/986 886/2/986 882/2/986
f 887/1/913 888/1/913 891/4/913 890/4/913
f 890/4/812 892/4/812 889/1/812 887/1/812
f 890/4/987 891/4/987 884/3/987 881/3/987
f 881/3/988 885/3/988 892/4/988 890/4/988
f 893/7/815 896/7/815 895/6/815 894/6/815
f 894/6/989 898/6/989 897/7/989 893/7/989
f 894/6/990 895/6/990 900/5/990 899/5/990
f 899/5/818 901/5/818 898/6/818 894/6/818
f 899/5/819 900/5/819 903/8/819 902/8/819
f 902/8/991 904/8/991 901/5/991 899/5/991
f 902/8/920 903/8/920 896/7/920 893/7/920
f 893/7/921 897/7/921 904/8/921 902/8/921
f 905/11/992 888/11/992 883/10/992 906/10/992
f 906/10/824 886/10/824 889/11/824 905/11/824
f 906/10/993 883/10/994 895/9/993 907/9/993
f 907/9/826 898/9/826 886/10/826 906/10/826
f 907/9/995 895/9/995 896/12/995 908/12/995
f 908/12/829 897/12/829 898/9/829 907/9/829
f 908/12/996 896/12/996 888/11/996 905/11/996
f 905/11/831 889/11/831 897/12/831 908/12/831
f 909/15/997 900/15/997 884/14/997 910/14/997
f 910/14/833 885/14/833 901/15/833 909/15/833
f 910/14/998 884/14/998 891/13/998 911/13/998
f 911/13/835 892/13/835 885/14/835 910/14/835
f 911/13/999 891/13/999 903/16/999 912/16/999
f 912/16/837 904/16/837 892/13/837 911/13/837
f 912/16/1000 903/16/1000 900/15/1000 909/15/1000
f 909/15/839 901/15/839 904/16/839 912/16/839
f 913/19/1001 895/19/1001 883/18/1001 914/18/1001
f 914/18/1002 886/18/1002 898/19/1002 913/19/1002
f 914/18/1003 883/18/1003 884/17/1003 915/17/1003
f 915/17/1004 885/17/1004 886/18/1004 914/18/1004
f 915/17/1005 884/17/1005 900/20/1005 916/20/1005
f 916/20/1006 901/20/1006 885/17/1006 915/17/1006
f 916/20/848 900/20/848 895/19/848 913/19/848
f 913/19/1007 898/19/1007 901/20/1007 916/20/1007
f 917/23/850 891/23/850 888/22/850 918/22/850
f 918/22/1008 889/22/1008 892/23/1008 917/23/1008
f 918/22/852 888/22/852 896/21/852 919/21/852
f 919/21/1009 897/21/1009 889/22/1009 918/22/1009
f 919/21/854 896/21/854 903/24/854 920/24/854
f 920/24/855 904/24/855 897/21/855 919/21/855
f 920/24/856 903/24/856 891/23/856 917/23/856
f 917/23/1010 892/23/1010 904/24/1010 920/24/1010
f 921/3/909 924/3/909 923/2/909 922/2/909
f 922/2/808 926/2/808 925/3/808 921/3/808
f 922/2/911 923/2/911 928/1/911 927/1/911
f 927/1/1011 929/1/1011 926/2/1011 922/2/1011
f 927/1/913 928/1/913 931/4/913 930/4/913
f 930/4/812 932/4/812 929/1/812 927/1/812
f 930/4/915 931/4/915 924/3/915 921/3/915
f 921/3/1012 925/3/1012 932/4/1012 930/4/1012
f 933/7/1013 936/7/1013 935/6/1013 934/6/1013
f 934/6/1014 938/6/1014 937/7/1014 933/7/1014
f 934/6/990 935/6/990 940/5/990 939/5/990
f 939/5/818 941/5/818 938/6/818 934/6/818
f 939/5/1015 940/5/1015 943/8/1015 942/8/1015
f 942/8/991 944/8/991 941/5/991 939/5/991
f 942/8/1016 943/8/1016 936/7/1016 933/7/1016
f 933/7/822 937/7/822 944/8/822 942/8/822
f 945/11/1017 928/11/1017 923/10/1017 946/10/1017
f 946/10/923 926/10/923 929/11/923 945/11/923
f 946/10/993 923/10/993 935/9/1018 947/9/993
f 947/9/925 938/9/925 926/10/925 946/10/925
f 947/9/926 935/9/926 936/12/926 948/12/926
f 948/12/927 937/12/927 938/9/927 947/9/927
f 948/12/996 936/12/996 928/11/996 945/11/996
f 945/11/1019 929/11/1019 937/12/1019 948/12/1019
f 949/15/1020 940/15/1020 924/14/1020 950/14/1020
f 950/14/931 925/14/931 941/15/931 949/15/931
f 950/14/1021 924/14/1021 931/13/1021 951/13/1021
f 951/13/933 932/13/933 925/14/933 950/14/933
f 951/13/1022 931/13/1023 943/16/1023 952/16/1023
f 952/16/1024 944/16/1024 932/13/1024 951/13/1024
f 952/16/936 943/16/936 940/15/936 949/15/936
f 949/15/937 941/15/937 944/16/937 952/16/937
f 953/19/1025 935/19/1025 923/18/1025 954/18/1025
f 954/18/1026 926/18/1026 938/19/1026 953/19/1026
f 954/18/939 923/18/939 924/17/939 955/17/939
f 955/17/1004 925/17/1004 926/18/1004 954/18/1004
f 955/17/1027 924/17/1027 940/20/1027 956/20/1027
f 956/20/1028 941/20/1028 925/17/1028 955/17/1028
f 956/20/848 940/20/848 935/19/848 953/19/848
f 953/19/1007 938/19/1007 941/20/1007 956/20/1007
f 957/23/850 931/23/850 928/22/850 958/22/850
f 958/22/1008 929/22/1008 932/23/1008 957/23/1008
f 958/22/941 928/22/941 936/21/941 959/21/941
f 959/21/1029 937/21/1029 929/22/1029 958/22/1029
f 959/21/1030 936/21/1030 943/24/1030 960/24/1030
f 960/24/1031 944/24/1031 937/21/1031 959/21/1031
f 960/24/943 943/24/943 931/23/943 957/23/943
f 957/23/1032 932/23/1032 944/24/1032 960/24/1032
f 961/1/1033 964/1/1033 963/2/1033 962/2/1033
f 962/2/1034 966/2/1034 965/1/1034 961/1/1034
f 962/2/1035 963/2/1035 968/3/1035 967/3/1035
f 967/3/735 969/3/735 966/2/735 962/2/735
f 967/3/1036 968/3/1036 971/4/1036 970/4/1036
f 970/4/1037 972/4/1037 969/3/1037 967/3/1037
f 970/4/1038 971/4/1038 964/1/1038 961/1/1038
f 961/1/739 965/1/739 972/4/739 970/4/739
f 973/5/740 976/5/740 975/6/740 974/6/740
f 974/6/741 978/6/741 977/5/741 973/5/741
f 974/6/1039 975/6/1039 980/7/1039 979/7/1039
f 979/7/1040 981/7/1040 978/6/1040 974/6/1040
f 979/7/744 980/7/744 983/8/744 982/8/744
f 982/8/745 984/8/745 981/7/745 979/7/745
f 982/8/1041 983/8/1041 976/5/1041 973/5/1041
f 973/5/1042 977/5/1042 984/8/1042 982/8/1042
f 985/9/1043 975/9/1043 963/10/1043 986/10/1043
f 986/10/1044 966/10/1044 978/9/1044 985/9/1044
f 986/10/1045 963/10/1045 964/11/1045 987/11/1045
f 987/11/1046 965/11/1046 966/10/1046 986/10/1046
f 987/11/1047 964/11/1047 980/12/1047 988/12/1047
f 988/12/1048 981/12/1048 965/11/1048 987/11/1048
f 988/12/1049 980/12/1049 975/9/1049 985/9/1049
f 985/9/1050 978/9/1050 981/12/1050 988/12/1050
f 989/13/1051 971/13/1051 968/14/1051 990/14/1051
f 990/14/1052 969/14/1052 972/13/1052 989/13/1052
f 990/14/758 968/14/758 976/15/758 991/15/758
f 991/15/1053 977/15/1053 969/14/1053 990/14/1053
f 991/15/1054 976/15/1054 983/16/1054 992/16/1054
f 992/16/1055 984/16/1055 977/15/1055 991/15/1055
f 992/16/1056 983/16/1056 971/13/1056 989/13/1056
f 989/13/1057 972/13/1057 984/16/1057 992/16/1057
f 993/17/1058 968/17/1058 963/18/1058 994/18/1058
f 994/18/1059 966/18/1059 969/17/1059 993/17/1059
f 994/18/1060 963/18/1061 975/19/1060 995/19/1061
f 995/19/767 978/19/767 966/18/767 994/18/767
f 995/19/768 975/19/768 976/20/768 996/20/768
f 996/20/769 977/20/769 978/19/769 995/19/769
f 996/20/1062 976/20/1062 968/17/1062 993/17/1062
f 993/17/771 969/17/771 977/20/771 996/20/771
f 997/21/1063 980/21/1063 964/22/1063 998/22/1063
f 998/22/1064 965/22/1064 981/21/1064 997/21/1064
f 998/22/774 964/22/774 971/23/774 999/23/774
f 999/23/775 972/23/775 965/22/775 998/22/775
f 999/23/1065 971/23/1065 983/24/1065 1000/24/1065
f 1000/24/1066 984/24/1066 972/23/1066 999/23/1066
f 1000/24/778 983/24/778 980/21/778 997/21/778
f 997/21/779 981/21/779 984/24/779 1000/24/779
f 1001/1/1067 1004/1/1067 1003/2/1067 1002/2/1067
f 1002/2/1068 1006/2/1068 1005/1/1068 1001/1/1068
f 1002/2/1069 1003/2/1069 1008/3/1069 1007/3/1069
f 1007/3/1070 1009/3/1070 1006/2/1070 1002/2/1070
f 1007/3/1071 1008/3/1071 1011/4/1071 1010/4/1071
f 1010/4/1072 1012/4/1072 1009/3/1072 1007/3/1072
f 1010/4/1073 1011/4/1073 1004/1/1073 1001/1/1073
f 1001/1/1074 1005/1/1074 1012/4/1074 1010/4/1074
f 1013/5/1075 1016/5/1075 1015/6/1075 1014/6/1075
f 1014/6/1076 1018/6/1076 1017/5/1076 1013/5/1076
f 1014/6/1077 1015/6/1077 1020/7/1077 1019/7/1077
f 1019/7/1078 1021/7/1078 1018/6/1078 1014/6/1078
f 1019/7/1079 1020/7/1079 1023/8/1079 1022/8/1079
f 1022/8/1080 1024/8/1080 1021/7/1080 1019/7/1080
f 1022/8/1081 1023/8/1081 1016/5/1081 1013/5/1081
f 1013/5/1082 1017/5/1082 1024/8/1082 1022/8/1082
f 1025/9/1083 1015/9/1084 1003/10/1083 1026/10/1084
f 1026/10/1085 1006/10/1085 1018/9/1085 1025/9/1085
f 1026/10/1086 1003/10/1086 1004/11/1086 1027/11/1086
f 1027/11/1087 1005/11/1087 1006/10/1087 1026/10/1087
f 1027/11/1088 1004/11/1088 1020/12/1088 1028/12/1088
f 1028/12/1089 1021/12/1089 1005/11/1089 1027/11/1089
f 1028/12/1090 1020/12/1090 1015/9/1090 1025/9/1090
f 1025/9/1091 1018/9/1091 1021/12/1091 1028/12/1091
f 1029/13/1092 1011/13/1092 1008/14/1092 1030/14/1092
f 1030/14/1093 1009/14/1093 1012/13/1093 1029/13/1093
f 1030/14/1094 1008/14/1094 1016/15/1094 1031/15/1094
f 1031/15/1095 1017/15/1095 1009/14/1095 1030/14/1095
f 1031/15/1096 1016/15/1096 1023/16/1096 1032/16/1096
f 1032/16/1097 1024/16/1097 1017/15/1097 1031/15/1097
f 1032/16/1098 1023/16/1098 1011/13/1098 1029/13/1098
f 1029/13/1099 1012/13/1099 1024/16/1099 1032/16/1099
f 1033/17/1100 1008/17/1100 1003/18/1100 1034/18/1100
f 1034/18/1101 1006/18/1101 1009/17/1101 1033/17/1101
f 1034/18/1102 1003/18/1102 1015/19/1102 1035/19/1102
f 1035/19/1103 1018/19/1103 1006/18/1103 1034/18/1103
f 1035/19/1104 1015/19/1104 1016/20/1104 1036/20/1104
f 1036/20/1105 1017/20/1105 1018/19/1105 1035/19/1105
f 1036/20/1106 1016/20/1106 1008/17/1106 1033/17/1106
f 1033/17/1107 1009/17/1107 1017/20/1107 1036/20/1107
f 1037/21/1108 1020/21/1108 1004/22/1108 1038/22/1108
f 1038/22/1109 1005/22/1109 1021/21/1109 1037/21/1109
f 1038/22/1110 1004/22/1110 1011/23/1110 1039/23/1110
f 1039/23/1111 1012/23/1111 1005/22/1111 1038/22/1111
f 1039/23/1112 1011/23/1113 1023/24/1112 1040/24/1113
f 1040/24/1114 1024/24/1114 1012/23/1114 1039/23/1114
f 1040/24/1115 1023/24/1115 1020/21/1115 1037/21/1115
f 1037/21/1116 1021/21/1116 1024/24/1116 1040/24/1116
f 1041/3/858 1044/3/858 1043/2/858 1042/2/858
f 1042/2/859 1046/2/859 1045/3/859 1041/3/859
f 1042/2/1117 1043/2/1117 1048/1/1117 1047/1/1117
f 1047/1/1118 1049/1/1118 1046/2/1118 1042/2/1118
f 1047/1/862 1048/1/862 1051/4/862 1050/4/862
f 1050/4/863 1052/4/863 1049/1/863 1047/1/863
f 1050/4/1119 1051/4/1119 1044/3/1119 1041/3/1119
f 1041/3/1120 1045/3/1120 1052/4/1120 1050/4/1120
f 1053/7/1121 1056/7/1122 1055/6/1121 1054/6/1122
f 1054/6/1123 1058/6/1123 1057/7/1123 1053/7/1123
f 1054/6/1124 1055/6/1124 1060/5/1124 1059/5/1124
f 1059/5/870 1061/5/870 1058/6/870 1054/6/870
f 1059/5/1125 1060/5/1125 1063/8/1125 1062/8/1125
f 1062/8/1126 1064/8/1126 1061/5/1126 1059/5/1126
f 1062/8/873 1063/8/873 1056/7/873 1053/7/873
f 1053/7/874 1057/7/874 1064/8/874 1062/8/874
f 1065/11/1127 1048/11/1127 1043/10/1127 1066/10/1127
f 1066/10/1128 1046/10/1128 1049/11/1128 1065/11/1128
f 1066/10/1129 1043/10/1129 1055/9/1129 1067/9/1129
f 1067/9/1130 1058/9/1130 1046/10/1130 1066/10/1130
f 1067/9/1131 1055/9/1131 1056/12/1131 1068/12/1131
f 1068/12/1132 1057/12/1132 1058/9/1132 1067/9/1132
f 1068/12/1133 1056/12/1133 1048/11/1133 1065/11/1133
f 1065/11/1134 1049/11/1134 1057/12/1134 1068/12/1134
f 1069/15/1135 1060/15/1135 1044/14/1135 1070/14/1135
f 1070/14/1136 1045/14/1136 1061/15/1136 1069/15/1136
f 1070/14/1137 1044/14/1137 1051/13/1137 1071/13/1137
f 1071/13/1138 1052/13/1138 1045/14/1138 1070/14/1138
f 1071/13/1139 1051/13/1139 1063/16/1139 1072/16/1139
f 1072/16/1140 1064/16/1140 1052/13/1140 1071/13/1140
f 1072/16/1141 1063/16/1142 1060/15/1142 1069/15/1142
f 1069/15/1143 1061/15/1143 1064/16/1143 1072/16/1143
f 1073/19/1144 1055/19/1144 1043/18/1144 1074/18/1144
f 1074/18/1145 1046/18/1145 1058/19/1145 1073/19/1145
f 1074/18/1146 1043/18/1146 1044/17/1146 1075/17/1146
f 1075/17/1147 1045/17/1147 1046/18/1147 1074/18/1147
f 1075/17/1148 1044/17/1148 1060/20/1148 1076/20/1148
f 1076/20/1149 1061/20/1149 1045/17/1149 1075/17/1149
f 1076/20/1150 1060/20/1150 1055/19/1150 1073/19/1150
f 1073/19/900 1058/19/900 1061/20/900 1076/20/900
f 1077/23/1151 1051/23/1151 1048/22/1151 1078/22/1151
f 1078/22/902 1049/22/902 1052/23/902 1077/23/902
f 1078/22/1152 1048/22/1153 1056/21/1152 1079/21/1153
f 1079/21/904 1057/21/904 1049/22/904 1078/22/904
f 1079/21/1154 1056/21/1154 1063/24/1154 1080/24/1154
f 1080/24/1155 1064/24/1155 1057/21/1155 1079/21/1155
f 1080/24/1156 1063/24/1156 1051/23/1156 1077/23/1156
f 1077/23/908 1052/23/908 1064/24/908 1080/24/908
f 1081/1/1157 1084/1/1157 1083/2/1157 1082/2/1157
f 1082/2/1158 1086/2/1158 1085/1/1158 1081/1/1158
f 1082/2/1159 1083/2/1159 1088/3/1159 1087/3/1159
f 1087/3/1160 1089/3/1160 1086/2/1160 1082/2/1160
f 1087/3/1161 1088/3/1161 1091/4/1161 1090/4/1161
f 1090/4/1162 1092/4/1162 1089/3/1162 1087/3/1162
f 1090/4/1163 1091/4/1163 1084/1/1163 1081/1/1163
f 1081/1/1164 1085/1/1164 1092/4/1164 1090/4/1164
f 1093/5/1165 1096/5/1165 1095/6/1165 1094/6/1165
f 1094/6/1166 1098/6/1166 1097/5/1166 1093/5/1166
f 1094/6/1167 1095/6/1167 1100/7/1167 1099/7/1167
f 1099/7/1168 1101/7/1168 1098/6/1168 1094/6/1168
f 1099/7/1169 1100/7/1169 1103/8/1169 1102/8/1169
f 1102/8/1170 1104/8/1170 1101/7/1170 1099/7/1170
f 1102/8/1171 1103/8/1171 1096/5/1171 1093/5/1171
f 1093/5/1172 1097/5/1172 1104/8/1172 1102/8/1172
f 1105/9/1173 1095/9/1173 1083/10/1173 1106/10/1173
f 1106/10/1174 1086/10/1174 1098/9/1174 1105/9/1174
f 1106/10/1175 1083/10/1175 1084/11/1175 1107/11/1175
f 1107/11/1176 1085/11/1176 1086/10/1176 1106/10/1176
f 1107/11/1177 1084/11/1177 1100/12/1177 1108/12/1177
f 1108/12/1178 1101/12/1178 1085/11/1178 1107/11/1178
f 1108/12/1179 1100/12/1179 1095/9/1179 1105/9/1179
f 1105/9/1180 1098/9/1180 1101/12/1180 1108/12/1180
f 1109/13/1181 1091/13/1181 1088/14/1181 1110/14/1181
f 1110/14/1182 1089/14/1182 1092/13/1182 1109/13/1182
f 1110/14/1183 1088/14/1183 1096/15/1183 1111/15/1183
f 1111/15/1184 1097/15/1184 1089/14/1184 1110/14/1184
f 1111/15/1185 1096/15/1185 1103/16/1185 1112/16/1185
f 1112/16/1186 1104/16/1186 1097/15/1186 1111/15/1186
f 1112/16/1187 1103/16/1187 1091/13/1187 1109/13/1187
f 1109/13/1188 1092/13/1188 1104/16/1188 1112/16/1188
f 1113/17/1189 1088/17/1189 1083/18/1189 1114/18/1189
f 1114/18/1190 1086/18/1190 1089/17/1190 1113/17/1190
f 1114/18/1191 1083/18/1191 1095/19/1191 1115/19/1191
f 1115/19/1192 1098/19/1192 1086/18/1192 1114/18/1192
f 1115/19/1193 1095/19/1193 1096/20/1193 1116/20/1193
f 1116/20/1194 1097/20/1194 1098/19/1194 1115/19/1194
f 1116/20/1195 1096/20/1195 1088/17/1195 1113/17/1195
f 1113/17/1196 1089/17/1196 1097/20/1196 1116/20/1196
f 1117/21/1197 1100/21/1197 1084/22/1197 1118/22/1197
f 1118/22/1198 1085/22/1198 1101/21/1198 1117/21/1198
f 1118/22/1199 1084/22/1199 1091/23/1199 1119/23/1199
f 1119/23/1200 1092/23/1200 1085/22/1200 1118/22/1200
f 1119/23/1201 1091/23/1201 1103/24/1201 1120/24/1201
f 1120/24/1202 1104/24/1202 1092/23/1202 1119/23/1202
f 1120/24/1203 1103/24/1203 1100/21/1203 1117/21/1203
f 1117/21/1204 1101/21/1204 1104/24/1204 1120/24/1204
f 1121/1/1205 1124/1/1205 1123/2/1205 1122/2/1205
f 1122/2/1206 1126/2/1206 1125/1/1206 1121/1/1206
f 1122/2/1207 1123/2/1207 1128/3/1207 1127/3/1207
f 1127/3/1208 1129/3/1208 1126/2/1208 1122/2/1208
f 1127/3/1209 1128/3/1209 1131/4/1209 1130/4/1209
f 1130/4/1210 1132/4/1210 1129/3/1210 1127/3/1210
f 1130/4/1211 1131/4/1211 1124/1/1211 1121/1/1211
f 1121/1/1212 1125/1/1212 1132/4/1212 1130/4/1212
f 1133/5/1213 1136/5/1213 1135/6/1213 1134/6/1213
f 1134/6/1214 1138/6/1214 1137/5/1214 1133/5/1214
f 1134/6/1215 1135/6/1215 1140/7/1215 1139/7/1215
f 1139/7/1216 1141/7/1216 1138/6/1216 1134/6/1216
f 1139/7/1217 1140/7/1217 1143/8/1217 1142/8/1217
f 1142/8/1218 1144/8/1218 1141/7/1218 1139/7/1218
f 1142/8/1219 1143/8/1219 1136/5/1219 1133/5/1219
f 1133/5/1220 1137/5/1220 1144/8/1220 1142/8/1220
f 1145/9/1221 1135/9/1221 1123/10/1221 1146/10/1221
f 1146/10/1222 1126/10/1222 1138/9/1222 1145/9/1222
f 1146/10/1223 1123/10/1223 1124/11/1223 1147/11/1223
f 1147/11/1224 1125/11/1224 1126/10/1224 1146/10/1224
f 1147/11/1225 1124/11/1225 1140/12/1225 1148/12/1225
f 1148/12/1226 1141/12/1226 1125/11/1226 1147/11/1226
f 1148/12/1227 1140/12/1227 1135/9/1227 1145/9/1227
f 1145/9/1228 1138/9/1228 1141/12/1228 1148/12/1228
f 1149/13/1229 1131/13/1229 1128/14/1229 1150/14/1229
f 1150/14/1230 1129/14/1230 1132/13/1230 1149/13/1230
f 1150/14/1231 1128/14/1231 1136/15/1231 1151/15/1231
f 1151/15/1232 1137/15/1232 1129/14/1232 1150/14/1232
f 1151/15/1233 1136/15/1233 1143/16/1233 1152/16/1233
f 1152/16/1234 1144/16/1234 1137/15/1234 1151/15/1234
f 1152/16/1235 1143/16/1235 1131/13/1235 1149/13/1235
f 1149/13/1236 1132/13/1236 1144/16/1236 1152/16/1236
f 1153/17/1237 1128/17/1237 1123/18/1237 1154/18/1237
f 1154/18/1238 1126/18/1238 1129/17/1238 1153/17/1238
f 1154/18/1239 1123/18/1239 1135/19/1239 1155/19/1239
f 1155/19/1240 1138/19/1240 1126/18/1240 1154/18/1240
f 1155/19/1241 1135/19/1241 1136/20/1241 1156/20/1241
f 1156/20/1242 1137/20/1242 1138/19/1242 1155/19/1242
f 1156/20/1243 1136/20/1243 1128/17/1243 1153/17/1243
f 1153/17/1244 1129/17/1244 1137/20/1244 1156/20/1244
f 1157/21/1245 1140/21/1245 1124/22/1245 1158/22/1245
f 1158/22/1246 1125/22/1246 1141/21/1246 1157/21/1246
f 1158/22/1247 1124/22/1247 1131/23/1247 1159/23/1247
f 1159/23/1248 1132/23/1248 1125/22/1248 1158/22/1248
f 1159/23/1249 1131/23/1249 1143/24/1249 1160/24/1249
f 1160/24/1250 1144/24/1250 1132/23/1250 1159/23/1250
f 1160/24/1251 1143/24/1251 1140/21/1251 1157/21/1251
f 1157/21/1252 1141/21/1252 1144/24/1252 1160/24/1252
f 1161/3/1253 1164/3/1253 1163/2/1253 1162/2/1253
f 1162/2/1254 1166/2/1254 1165/3/1254 1161/3/1254
f 1162/2/1255 1163/2/1255 1168/1/1255 1167/1/1255
f 1167/1/1256 1169/1/1256 1166/2/1256 1162/2/1256
f 1167/1/1257 1168/1/1257 1171/4/1257 1170/4/1257
f 1170/4/1258 1172/4/1258 1169/1/1258 1167/1/1258
f 1170/4/1259 1171/4/1259 1164/3/1259 1161/3/1259
f 1161/3/1260 1165/3/1260 1172/4/1260 1170/4/1260
f 1173/7/1261 1176/7/1261 1175/6/1261 1174/6/1261
f 1174/6/1262 1178/6/1262 1177/7/1262 1173/7/1262
f 1174/6/1263 1175/6/1263 1180/5/1263 1179/5/1263
f 1179/5/1264 1181/5/1264 1178/6/1264 1174/6/1264
f 1179/5/1265 1180/5/1265 1183/8/1265 1182/8/1265
f 1182/8/1266 1184/8/1266 1181/5/1266 1179/5/1266
f 1182/8/1267 1183/8/1267 1176/7/1267 1173/7/1267
f 1173/7/1268 1177/7/1268 1184/8/1268 1182/8/1268
f 1185/11/1269 1168/11/1269 1163/10/1269 1186/10/1269
f 1186/10/1270 1166/10/1270 1169/11/1270 1185/11/1270
f 1186/10/1271 1163/10/1271 1175/9/1271 1187/9/1271
f 1187/9/1272 1178/9/1272 1166/10/1272 1186/10/1272
f 1187/9/1273 1175/9/1273 1176/12/1273 1188/12/1273
f 1188/12/1274 1177/12/1274 1178/9/1274 1187/9/1274
f 1188/12/1275 1176/12/1275 1168/11/1275 1185/11/1275
f 1185/11/1276 1169/11/1276 1177/12/1276 1188/12/1276
f 1189/15/1277 1180/15/1277 1164/14/1277 1190/14/1277
f 1190/14/1278 1165/14/1278 1181/15/1278 1189/15/1278
f 1190/14/1279 1164/14/1279 1171/13/1279 1191/13/1279
f 1191/13/1280 1172/13/1280 1165/14/1280 1190/14/1280
f 1191/13/1281 1171/13/1281 1183/16/1281 1192/16/1281
f 1192/16/1282 1184/16/1282 1172/13/1282 1191/13/1282
f 1192/16/1283 1183/16/1284 1180/15/1283 1189/15/1284
f 1189/15/1285 1181/15/1285 1184/16/1285 1192/16/1285
f 1193/19/1286 1175/19/1286 1163/18/1286 1194/18/1286
f 1194/18/1287 1166/18/1287 1178/19/1287 1193/19/1287
f 1194/18/1288 1163/18/1288 1164/17/1288 1195/17/1288
f 1195/17/1289 1165/17/1289 1166/18/1289 1194/18/1289
f 1195/17/1290 1164/17/1290 1180/20/1290 1196/20/1291
f 1196/20/1292 1181/20/1292 1165/17/1292 1195/17/1292
f 1196/20/1293 1180/20/1293 1175/19/1293 1193/19/1293
f 1193/19/1294 1178/19/1294 1181/20/1294 1196/20/1294
f 1197/23/1295 1171/23/1295 1168/22/1295 1198/22/1295
f 1198/22/1296 1169/22/1296 1172/23/1296 1197/23/1296
f 1198/22/1297 1168/22/1297 1176/21/1297 1199/21/1297
f 1199/21/1298 1177/21/1298 1169/22/1298 1198/22/1298
f 1199/21/1299 1176/21/1299 1183/24/1299 1200/24/1299
f 1200/24/1300 1184/24/1300 1177/21/1300 1199/21/1300
f 1200/24/1301 1183/24/1301 1171/23/1301 1197/23/1301
f 1197/23/1302 1172/23/1302 1184/24/1302 1200/24/1302
